Date,Price
09/09/2025,68.5600
08/09/2025,68.2100
05/09/2025,67.1100
04/09/2025,69.7500
03/09/2025,68.9700
02/09/2025,70.3000
01/09/2025,70.3900
29/08/2025,70.9800
28/08/2025,70.2700
27/08/2025,69.7000
26/08/2025,70.5800
22/08/2025,71.2400
21/08/2025,70.1200
20/08/2025,70.1100
19/08/2025,69.5100
18/08/2025,70.1700
15/08/2025,70.1800
14/08/2025,70.5100
13/08/2025,68.6400
12/08/2025,69.5400
11/08/2025,69.8400
08/08/2025,69.7900
07/08/2025,70.4000
06/08/2025,72.3400
05/08/2025,71.3100
04/08/2025,72.6500
01/08/2025,73.1400
31/07/2025,76.3400
30/07/2025,76.1200
29/07/2025,74.4400
28/07/2025,72.9900
25/07/2025,72.4900
24/07/2025,73.1400
23/07/2025,71.7200
22/07/2025,73.6100
21/07/2025,72.4500
18/07/2025,73.9000
17/07/2025,73.3200
16/07/2025,72.0900
14/07/2025,72.8200
11/07/2025,74.1500
10/07/2025,72.6500
09/07/2025,74.8700
08/07/2025,74.3600
07/07/2025,73.2900
04/07/2025,72.0700
03/07/2025,72.1700
02/07/2025,71.3900
01/07/2025,69.4000
30/06/2025,71.2900
27/06/2025,71.1400
26/06/2025,71.6700
25/06/2025,72.1600
24/06/2025,72.8400
23/06/2025,80.0400
20/06/2025,80.1400
19/06/2025,82.4500
18/06/2025,79.4400
17/06/2025,79.1700
16/06/2025,75.4100
13/06/2025,77.3200
11/06/2025,72.1500
10/06/2025,71.9800
05/06/2025,68.8700
04/06/2025,67.9800
03/06/2025,69.1700
02/06/2025,66.5700
30/05/2025,65.7300
29/05/2025,66.5200
28/05/2025,66.7300
27/05/2025,65.7800
23/05/2025,66.8400
22/05/2025,66.4500
21/05/2025,68.0000
20/05/2025,67.1700
19/05/2025,66.6000
16/05/2025,66.1900
15/05/2025,65.4300
14/05/2025,67.1800
13/05/2025,67.8500
12/05/2025,66.8500
09/05/2025,64.5700
08/05/2025,63.3900
07/05/2025,63.2400
06/05/2025,64.4900
02/05/2025,63.1600
30/04/2025,64.8800
29/04/2025,66.6600
28/04/2025,67.2400
25/04/2025,69.2200
24/04/2025,69.9200
23/04/2025,68.8300
22/04/2025,70.5400
17/04/2025,70.6400
16/04/2025,69.5200
15/04/2025,68.4200
14/04/2025,68.6900
11/04/2025,67.2900
10/04/2025,66.8200
09/04/2025,64.0400
08/04/2025,67.6300
07/04/2025,68.5100
04/04/2025,69.9800
03/04/2025,73.9200
02/04/2025,79.5700
28/03/2025,75.9000
27/03/2025,76.5100
26/03/2025,76.5000
25/03/2025,75.5300
24/03/2025,75.4400
21/03/2025,74.4500
20/03/2025,74.7900
19/03/2025,73.9500
18/03/2025,73.6900
17/03/2025,74.8400
14/03/2025,73.7200
13/03/2025,74.0700
12/03/2025,75.1300
11/03/2025,74.1300
10/03/2025,73.4200
07/03/2025,73.8900
06/03/2025,72.1500
05/03/2025,71.4900
04/03/2025,73.3200
03/03/2025,75.8600
28/02/2025,75.4500
27/02/2025,76.4500
26/02/2025,74.5700
25/02/2025,74.6000
24/02/2025,76.8700
21/02/2025,77.1700
20/02/2025,78.8000
19/02/2025,78.7000
18/02/2025,77.8200
17/02/2025,77.1200
14/02/2025,77.0400
13/02/2025,76.9700
12/02/2025,78.3100
11/02/2025,78.9200
10/02/2025,76.7200
07/02/2025,76.4900
06/02/2025,76.6600
05/02/2025,76.8700
04/02/2025,78.7800
03/02/2025,76.9300
31/01/2025,79.6000
30/01/2025,79.8800
29/01/2025,79.9400
28/01/2025,79.5400
27/01/2025,79.6400
24/01/2025,80.7500
23/01/2025,80.9100
22/01/2025,82.1300
21/01/2025,82.7200
20/01/2025,82.6300
17/01/2025,84.0200
16/01/2025,83.3900
15/01/2025,84.4800
14/01/2025,83.3900
13/01/2025,83.6400
10/01/2025,80.7800
09/01/2025,79.3400
08/01/2025,78.2700
07/01/2025,78.7600
06/01/2025,77.1700
03/01/2025,77.6200
02/01/2025,77.0400
31/12/2024,75.4800
30/12/2024,75.1900
27/12/2024,74.6500
24/12/2024,74.4000
23/12/2024,73.0700
20/12/2024,74.0900
19/12/2024,74.6500
18/12/2024,75.4700
17/12/2024,74.0600
16/12/2024,75.2500
13/12/2024,75.7900
12/12/2024,74.4100
11/12/2024,75.2700
10/12/2024,74.5400
09/12/2024,74.6200
06/12/2024,73.6700
05/12/2024,74.6800
04/12/2024,75.5800
03/12/2024,75.7000
02/12/2024,73.7500
29/11/2024,75.1100
28/11/2024,74.9200
27/11/2024,74.8600
26/11/2024,75.5100
25/11/2024,75.2000
22/11/2024,77.0500
21/11/2024,76.0400
20/11/2024,75.2800
19/11/2024,75.2700
18/11/2024,75.3000
15/11/2024,74.6400
14/11/2024,74.5900
13/11/2024,74.0600
12/11/2024,73.7600
11/11/2024,73.3900
08/11/2024,75.2400
07/11/2024,76.9300
06/11/2024,77.7700
05/11/2024,78.2300
04/11/2024,76.1500
01/11/2024,74.8700
31/10/2024,74.2000
30/10/2024,74.1600
29/10/2024,72.0400
28/10/2024,72.8200
25/10/2024,76.5800
24/10/2024,75.2200
23/10/2024,75.6300
22/10/2024,76.5400
21/10/2024,74.2400
18/10/2024,73.7000
17/10/2024,75.3200
16/10/2024,74.6000
15/10/2024,74.6300
14/10/2024,79.4200
11/10/2024,81.2200
10/10/2024,80.4500
09/10/2024,78.2600
08/10/2024,79.3900
07/10/2024,82.9400
04/10/2024,80.5100
03/10/2024,78.7700
02/10/2024,76.4600
30/09/2024,73.9500
27/09/2024,73.3300
26/09/2024,74.7600
25/09/2024,76.5000
24/09/2024,76.3900
23/09/2024,76.9000
20/09/2024,77.9100
19/09/2024,77.8800
18/09/2024,76.4700
17/09/2024,76.5000
16/09/2024,75.8900
13/09/2024,75.6400
12/09/2024,75.9100
11/09/2024,72.4100
10/09/2024,72.4400
09/09/2024,75.0200
06/09/2024,75.4700
05/09/2024,77.1200
04/09/2024,77.3200
03/09/2024,78.9100
02/09/2024,80.2700
30/08/2024,83.0000
29/08/2024,84.3500
28/08/2024,82.8100
27/08/2024,84.3100
23/08/2024,83.1200
22/08/2024,81.6000
21/08/2024,81.5700
20/08/2024,81.6500
19/08/2024,83.8900
16/08/2024,83.4600
15/08/2024,84.9900
14/08/2024,84.0500
13/08/2024,84.4100
12/08/2024,84.9600
09/08/2024,82.9700
08/08/2024,83.3600
07/08/2024,80.8600
06/08/2024,79.2200
05/08/2024,80.4200
02/08/2024,81.2500
01/08/2024,84.2700
31/07/2024,84.2900
30/07/2024,82.1600
29/07/2024,82.9900
26/07/2024,83.4000
25/07/2024,84.6300
24/07/2024,85.0600
23/07/2024,84.2700
22/07/2024,85.4900
19/07/2024,87.2300
18/07/2024,88.3100
17/07/2024,87.8000
16/07/2024,88.6500
15/07/2024,88.4700
12/07/2024,89.4000
11/07/2024,88.5000
10/07/2024,88.6000
09/07/2024,88.5500
08/07/2024,89.2000
05/07/2024,90.7400
04/07/2024,90.3900
03/07/2024,90.3000
02/07/2024,90.3300
01/07/2024,88.6200
28/06/2024,89.3100
27/06/2024,89.0400
26/06/2024,87.8100
25/06/2024,88.8600
24/06/2024,88.8000
21/06/2024,88.4700
20/06/2024,86.9200
19/06/2024,86.6400
14/06/2024,82.4900
13/06/2024,82.4400
12/06/2024,81.5200
11/06/2024,81.1500
10/06/2024,80.8400
07/06/2024,79.3700
06/06/2024,78.8700
05/06/2024,76.6600
04/06/2024,76.5800
03/06/2024,77.7000
31/05/2024,80.6600
30/05/2024,83.6200
29/05/2024,83.7100
28/05/2024,83.5400
24/05/2024,81.1200
23/05/2024,81.4500
22/05/2024,82.1000
21/05/2024,83.4200
20/05/2024,84.1100
17/05/2024,84.4400
16/05/2024,83.8500
15/05/2024,82.2800
14/05/2024,83.3000
13/05/2024,85.4800
10/05/2024,85.6900
09/05/2024,85.5800
08/05/2024,84.7400
07/05/2024,84.4400
03/05/2024,86.3000
02/05/2024,87.5100
30/04/2024,90.9300
29/04/2024,91.1200
26/04/2024,92.6500
25/04/2024,90.8000
24/04/2024,92.4100
23/04/2024,91.7100
22/04/2024,90.7000
19/04/2024,91.3600
18/04/2024,91.7400
17/04/2024,92.9400
16/04/2024,94.6900
15/04/2024,94.3400
12/04/2024,96.6100
08/04/2024,94.7300
05/04/2024,95.8100
04/04/2024,93.3200
03/04/2024,93.6800
02/04/2024,90.7300
28/03/2024,89.2700
27/03/2024,88.0400
26/03/2024,89.0100
25/03/2024,89.2800
22/03/2024,87.9700
21/03/2024,88.0200
20/03/2024,88.8700
19/03/2024,90.4600
18/03/2024,89.5700
15/03/2024,89.3900
14/03/2024,90.1600
13/03/2024,87.9500
12/03/2024,87.1600
11/03/2024,86.9400
08/03/2024,87.7600
07/03/2024,88.3800
06/03/2024,90.1000
05/03/2024,89.3200
04/03/2024,90.0700
01/03/2024,88.3200
29/02/2024,88.0700
28/02/2024,87.5700
27/02/2024,87.3000
26/02/2024,87.5100
23/02/2024,87.6800
22/02/2024,88.8500
21/02/2024,87.7700
20/02/2024,87.3800
19/02/2024,87.6200
16/02/2024,86.9800
15/02/2024,86.6000
14/02/2024,86.6600
13/02/2024,86.9800
12/02/2024,86.1200
09/02/2024,85.8300
08/02/2024,85.2600
07/02/2024,83.4300
06/02/2024,82.7100
05/02/2024,81.4000
02/02/2024,81.6400
01/02/2024,84.3000
31/01/2024,85.0800
30/01/2024,86.2200
29/01/2024,86.0900
26/01/2024,85.2400
25/01/2024,84.4800
24/01/2024,84.3000
23/01/2024,84.1900
22/01/2024,83.8500
19/01/2024,82.8600
18/01/2024,83.1900
17/01/2024,81.0400
16/01/2024,82.3000
15/01/2024,81.9100
12/01/2024,82.0300
11/01/2024,82.3300
10/01/2024,80.6200
09/01/2024,80.1200
08/01/2024,77.3200
05/01/2024,80.1600
04/01/2024,77.6300
03/01/2024,79.0300
02/01/2024,77.9300
29/12/2023,79.4000
28/12/2023,80.9400
27/12/2023,82.9200
22/12/2023,81.9800
21/12/2023,82.4400
20/12/2023,82.8700
19/12/2023,81.5700
18/12/2023,80.6400
15/12/2023,78.5900
14/12/2023,78.8000
13/12/2023,75.8900
12/12/2023,78.3600
11/12/2023,75.7500
08/12/2023,75.9900
07/12/2023,74.4800
06/12/2023,74.7400
05/12/2023,78.3400
04/12/2023,78.4800
01/12/2023,81.0900
30/11/2023,82.6000
29/11/2023,82.1100
28/11/2023,81.9300
27/11/2023,79.9400
24/11/2023,81.6500
23/11/2023,82.3300
22/11/2023,80.8600
21/11/2023,83.5200
20/11/2023,85.3600
17/11/2023,82.1000
16/11/2023,79.8500
15/11/2023,87.3600
14/11/2023,89.6300
13/11/2023,88.5000
10/11/2023,88.0600
09/11/2023,86.9600
08/11/2023,86.9100
07/11/2023,88.4600
06/11/2023,92.0400
03/11/2023,91.8000
02/11/2023,92.4600
01/11/2023,92.2800
31/10/2023,93.8000
30/10/2023,92.3400
27/10/2023,92.8100
26/10/2023,93.2000
25/10/2023,92.4300
24/10/2023,91.6900
23/10/2023,97.4400
20/10/2023,98.9400
19/10/2023,96.1300
18/10/2023,96.4600
17/10/2023,95.3000
16/10/2023,96.4000
13/10/2023,97.7500
12/10/2023,93.7900
11/10/2023,91.9700
10/10/2023,95.2400
09/10/2023,95.8300
06/10/2023,92.4200
05/10/2023,93.4800
04/10/2023,96.5500
03/10/2023,99.3300
29/09/2023,100.4200
28/09/2023,101.7300
27/09/2023,101.7600
26/09/2023,98.4200
25/09/2023,97.9600
22/09/2023,98.6400
21/09/2023,98.8400
20/09/2023,100.1600
19/09/2023,101.1400
18/09/2023,100.4800
15/09/2023,99.5300
14/09/2023,98.9400
13/09/2023,97.4200
12/09/2023,97.9800
11/09/2023,96.0500
08/09/2023,96.2900
07/09/2023,95.9000
06/09/2023,95.5300
05/09/2023,96.0800
04/09/2023,94.5500
01/09/2023,93.5100
31/08/2023,91.3700
30/08/2023,90.1300
29/08/2023,90.0500
28/08/2023,89.1700
25/08/2023,89.3500
24/08/2023,88.1100
23/08/2023,88.2300
22/08/2023,87.6800
21/08/2023,88.9400
18/08/2023,88.3400
17/08/2023,88.6400
16/08/2023,88.7300
15/08/2023,88.9400
14/08/2023,90.4300
11/08/2023,90.9800
10/08/2023,90.9400
09/08/2023,91.5300
08/08/2023,89.6000
07/08/2023,89.2100
04/08/2023,89.8600
03/08/2023,88.7100
02/08/2023,86.7900
01/08/2023,87.9800
31/07/2023,87.9800
28/07/2023,86.3500
27/07/2023,86.8000
26/07/2023,86.5400
25/07/2023,84.9500
24/07/2023,84.5600
21/07/2023,82.5700
20/07/2023,81.4400
19/07/2023,82.5500
18/07/2023,81.7300
17/07/2023,80.6600
14/07/2023,82.4000
13/07/2023,82.7400
12/07/2023,82.4800
11/07/2023,81.5000
10/07/2023,80.4300
07/07/2023,79.7000
06/07/2023,77.3900
05/07/2023,78.7800
04/07/2023,78.3300
03/07/2023,77.7600
30/06/2023,76.2200
27/06/2023,75.0100
26/06/2023,75.6400
23/06/2023,75.2500
22/06/2023,75.9700
21/06/2023,78.9600
20/06/2023,77.0500
19/06/2023,78.3900
16/06/2023,78.1300
15/06/2023,77.0400
14/06/2023,76.2800
13/06/2023,76.2100
09/06/2023,78.2500
08/06/2023,78.3100
07/06/2023,79.3500
06/06/2023,78.4800
05/06/2023,79.4200
02/06/2023,77.8800
01/06/2023,76.6000
31/05/2023,74.7500
30/05/2023,76.2500
26/05/2023,78.5200
25/05/2023,77.7300
24/05/2023,79.8900
23/05/2023,79.1100
22/05/2023,77.9300
19/05/2023,76.6800
18/05/2023,76.0600
17/05/2023,76.3200
16/05/2023,75.3700
15/05/2023,75.6600
12/05/2023,75.2400
11/05/2023,76.2200
10/05/2023,77.3500
09/05/2023,75.6900
08/05/2023,79.6300
05/05/2023,77.6800
04/05/2023,75.1500
03/05/2023,74.6400
02/05/2023,79.2400
28/04/2023,83.3000
27/04/2023,81.8900
26/04/2023,83.9400
25/04/2023,84.2200
20/04/2023,85.5000
19/04/2023,88.0700
18/04/2023,87.8000
14/04/2023,89.5300
13/04/2023,89.0100
12/04/2023,89.8200
11/04/2023,87.8700
06/04/2023,87.6200
05/04/2023,86.8000
04/04/2023,86.5800
03/04/2023,86.9500
31/03/2023,80.8000
30/03/2023,79.7500
29/03/2023,79.6700
28/03/2023,79.3300
27/03/2023,76.4500
24/03/2023,74.4300
23/03/2023,77.1600
22/03/2023,77.6100
21/03/2023,76.1200
20/03/2023,73.3100
17/03/2023,73.7700
16/03/2023,76.4900
15/03/2023,75.5500
14/03/2023,82.3700
13/03/2023,84.7500
10/03/2023,86.1000
09/03/2023,86.5000
08/03/2023,85.7600
07/03/2023,87.4500
06/03/2023,89.2300
03/03/2023,88.7600
02/03/2023,87.9200
01/03/2023,86.4900
28/02/2023,86.8700
27/02/2023,84.8400
24/02/2023,85.4400
23/02/2023,85.1600
22/02/2023,83.8300
21/02/2023,85.7700
20/02/2023,85.8900
17/02/2023,85.5100
16/02/2023,87.7100
15/02/2023,86.7000
14/02/2023,88.2700
13/02/2023,89.1900
10/02/2023,89.1300
09/02/2023,86.7300
08/02/2023,86.5400
07/02/2023,85.5700
06/02/2023,83.0700
03/02/2023,84.0700
02/02/2023,84.0100
01/02/2023,86.4300
31/01/2023,86.3000
30/01/2023,87.6600
27/01/2023,88.6600
26/01/2023,89.4700
25/01/2023,87.4400
24/01/2023,87.9100
23/01/2023,90.3800
20/01/2023,88.2500
19/01/2023,86.4700
18/01/2023,87.9200
17/01/2023,85.8600
16/01/2023,84.6000
13/01/2023,85.1500
12/01/2023,85.1300
11/01/2023,82.6800
10/01/2023,80.3100
09/01/2023,79.1600
06/01/2023,78.8700
05/01/2023,78.5800
04/01/2023,76.8300
03/01/2023,82.8100
30/12/2022,82.5800
29/12/2022,84.6500
28/12/2022,28.1100
23/12/2022,83.2900
22/12/2022,82.0800
21/12/2022,80.7700
20/12/2022,79.9500
19/12/2022,83.0900
16/12/2022,81.1100
15/12/2022,83.5900
14/12/2022,84.6200
13/12/2022,81.4900
12/12/2022,79.5600
09/12/2022,78.4900
08/12/2022,77.5200
07/12/2022,79.7100
06/12/2022,82.0700
05/12/2022,87.1900
02/12/2022,89.1000
01/12/2022,89.7000
30/11/2022,86.7900
28/11/2022,84.6500
25/11/2022,86.4000
24/11/2022,87.4200
23/11/2022,87.2600
22/11/2022,91.1400
21/11/2022,85.4300
18/11/2022,90.5000
17/11/2022,93.4100
16/11/2022,93.5200
15/11/2022,95.6500
14/11/2022,96.9700
11/11/2022,98.1800
10/11/2022,96.2100
09/11/2022,96.2100
08/11/2022,100.7500
07/11/2022,103.1600
04/11/2022,100.4000
03/11/2022,98.1200
02/11/2022,99.4000
01/11/2022,97.7300
31/10/2022,96.0400
28/10/2022,96.8100
27/10/2022,96.8000
26/10/2022,95.3100
25/10/2022,94.1400
24/10/2022,94.2000
21/10/2022,93.8200
20/10/2022,95.4200
19/10/2022,92.5900
18/10/2022,91.4200
17/10/2022,95.5700
14/10/2022,97.4400
13/10/2022,98.9100
12/10/2022,98.0500
11/10/2022,99.0000
10/10/2022,102.0100
07/10/2022,102.0100
06/10/2022,98.9100
05/10/2022,97.9500
04/10/2022,97.3100
30/09/2022,92.4000
29/09/2022,93.0200
28/09/2022,92.0100
27/09/2022,89.3700
26/09/2022,88.2000
23/09/2022,88.8900
22/09/2022,93.4700
21/09/2022,92.4200
20/09/2022,92.0100
16/09/2022,91.9000
15/09/2022,91.8500
14/09/2022,96.0400
13/09/2022,94.5400
12/09/2022,96.8800
09/09/2022,93.4800
08/09/2022,90.8000
07/09/2022,91.7800
06/09/2022,95.1400
05/09/2022,97.9900
02/09/2022,97.7900
01/09/2022,97.0200
31/08/2022,101.1400
30/08/2022,104.4500
26/08/2022,103.7700
25/08/2022,104.9500
24/08/2022,102.8000
23/08/2022,103.1800
22/08/2022,97.8500
19/08/2022,101.5700
18/08/2022,101.5100
17/08/2022,101.9200
16/08/2022,101.5300
15/08/2022,102.6100
12/08/2022,108.9700
11/08/2022,111.9500
10/08/2022,110.7200
09/08/2022,112.2500
08/08/2022,110.8700
05/08/2022,108.6300
04/08/2022,106.3300
03/08/2022,112.6900
02/08/2022,115.3500
01/08/2022,114.4900
29/07/2022,121.5100
28/07/2022,120.0400
27/07/2022,119.5600
26/07/2022,118.1200
25/07/2022,117.7500
22/07/2022,118.7400
21/07/2022,123.1500
20/07/2022,125.4800
19/07/2022,123.2800
18/07/2022,126.9700
15/07/2022,122.8400
14/07/2022,113.3400
13/07/2022,116.0900
08/07/2022,121.0700
07/07/2022,120.3100
06/07/2022,114.7800
05/07/2022,116.5000
04/07/2022,127.8900
01/07/2022,124.5500
30/06/2022,126.9400
29/06/2022,129.8700
28/06/2022,128.2900
27/06/2022,126.5700
24/06/2022,125.1500
23/06/2022,122.6800
22/06/2022,121.7700
21/06/2022,125.5800
20/06/2022,125.1100
17/06/2022,127.5500
16/06/2022,131.0200
15/06/2022,134.4400
14/06/2022,137.9500
10/06/2022,133.9900
09/06/2022,136.4000
08/06/2022,134.9300
07/06/2022,133.2300
06/06/2022,131.6400
03/06/2022,132.4300
02/06/2022,132.2100
01/06/2022,130.2300
31/05/2022,133.7300
30/05/2022,128.5300
27/05/2022,125.9500
26/05/2022,125.9100
25/05/2022,122.3300
24/05/2022,122.0400
23/05/2022,121.3300
20/05/2022,115.7500
19/05/2022,113.3200
18/05/2022,112.7100
17/05/2022,117.8500
16/05/2022,115.1300
13/05/2022,113.0200
12/05/2022,110.3800
11/05/2022,109.4100
10/05/2022,105.9400
09/05/2022,108.7800
06/05/2022,116.4100
05/05/2022,114.2100
04/05/2022,110.6400
29/04/2022,110.1100
28/04/2022,106.3800
27/04/2022,104.0800
26/04/2022,103.7100
25/04/2022,98.6100
22/04/2022,107.4500
21/04/2022,109.0600
20/04/2022,107.3300
19/04/2022,107.5600
14/04/2022,109.1000
13/04/2022,108.4900
12/04/2022,107.1000
11/04/2022,100.4800
08/04/2022,102.9400
07/04/2022,101.8500
06/04/2022,107.0900
05/04/2022,110.1200
04/04/2022,111.7700
01/04/2022,110.4300
31/03/2022,111.5100
30/03/2022,119.0500
29/03/2022,115.5200
28/03/2022,118.8400
25/03/2022,126.4100
24/03/2022,128.4900
23/03/2022,130.4100
22/03/2022,124.1100
21/03/2022,123.9000
18/03/2022,117.0400
17/03/2022,116.3700
16/03/2022,109.1700
15/03/2022,110.5000
14/03/2022,113.4300
11/03/2022,120.1300
10/03/2022,122.1300
09/03/2022,130.2800
08/03/2022,139.4100
07/03/2022,133.6300
04/03/2022,122.9000
03/03/2022,121.4200
02/03/2022,118.7500
01/03/2022,114.8900
28/02/2022,103.2300
25/02/2022,100.8000
24/02/2022,103.9400
23/02/2022,101.9400
22/02/2022,101.3800
21/02/2022,101.6000
18/02/2022,98.8300
17/02/2022,97.9300
16/02/2022,100.9800
15/02/2022,100.6900
14/02/2022,103.2400
11/02/2022,99.3900
10/02/2022,100.9900
09/02/2022,98.5600
08/02/2022,98.1200
07/02/2022,100.4500
04/02/2022,99.8100
03/02/2022,94.4100
02/02/2022,93.2000
01/02/2022,93.3200
31/01/2022,94.8900
28/01/2022,95.2300
27/01/2022,93.8500
26/01/2022,94.1800
25/01/2022,91.5400
24/01/2022,89.9300
21/01/2022,91.0300
20/01/2022,93.0400
19/01/2022,92.5600
18/01/2022,90.8300
17/01/2022,90.0900
14/01/2022,88.6900
13/01/2022,87.9900
12/01/2022,88.0700
11/01/2022,86.6400
10/01/2022,84.0600
07/01/2022,84.5300
06/01/2022,83.4900
05/01/2022,82.1700
04/01/2022,80.0700
31/12/2021,76.2500
30/12/2021,79.3100
29/12/2021,78.6600
24/12/2021,75.9100
23/12/2021,76.5100
22/12/2021,74.8600
21/12/2021,73.2600
20/12/2021,69.7300
17/12/2021,74.0600
16/12/2021,75.8200
15/12/2021,73.6800
14/12/2021,74.1500
13/12/2021,75.1700
10/12/2021,75.1100
09/12/2021,75.7500
08/12/2021,76.6200
07/12/2021,76.7100
06/12/2021,72.8500
03/12/2021,72.6800
02/12/2021,71.1700
01/12/2021,72.7500
30/11/2021,71.5400
29/11/2021,75.5500
26/11/2021,74.0500
25/11/2021,82.9000
24/11/2021,83.8200
23/11/2021,83.9600
22/11/2021,82.2000
19/11/2021,80.6300
18/11/2021,82.8800
17/11/2021,82.7200
16/11/2021,83.6100
15/11/2021,82.2200
12/11/2021,83.8800
11/11/2021,84.0300
10/11/2021,85.3400
09/11/2021,84.7500
08/11/2021,84.2800
05/11/2021,83.3500
04/11/2021,82.4900
03/11/2021,82.7700
02/11/2021,85.3000
01/11/2021,85.3500
29/10/2021,84.3500
28/10/2021,83.7600
27/10/2021,84.8500
26/10/2021,85.5300
25/10/2021,85.9000
22/10/2021,85.3800
21/10/2021,84.0400
20/10/2021,86.2100
19/10/2021,85.8000
18/10/2021,85.2400
15/10/2021,85.6600
14/10/2021,83.3000
13/10/2021,84.3600
12/10/2021,84.5400
11/10/2021,84.5000
08/10/2021,83.1800
07/10/2021,82.5800
06/10/2021,81.7400
05/10/2021,83.4900
04/10/2021,81.9500
30/09/2021,78.1100
29/09/2021,78.3500
28/09/2021,78.7300
27/09/2021,79.2600
24/09/2021,77.4100
23/09/2021,76.5900
22/09/2021,75.1600
21/09/2021,73.5200
20/09/2021,74.1100
17/09/2021,74.4600
16/09/2021,74.6300
15/09/2021,75.4400
14/09/2021,73.4000
13/09/2021,73.2000
10/09/2021,72.5000
09/09/2021,72.7300
08/09/2021,71.8900
07/09/2021,71.1300
06/09/2021,72.1300
03/09/2021,73.0400
02/09/2021,73.5300
01/09/2021,70.7800
31/08/2021,73.1800
27/08/2021,71.2500
26/08/2021,70.4300
25/08/2021,70.9800
24/08/2021,70.4700
23/08/2021,68.6000
20/08/2021,65.9300
19/08/2021,66.1800
18/08/2021,69.6500
17/08/2021,70.1900
16/08/2021,70.0000
13/08/2021,71.3500
12/08/2021,71.6100
11/08/2021,70.5400
10/08/2021,71.3200
09/08/2021,69.2900
06/08/2021,71.6700
05/08/2021,72.2500
04/08/2021,71.7900
03/08/2021,73.5000
02/08/2021,74.5300
30/07/2021,77.0700
29/07/2021,76.3300
28/07/2021,75.5400
27/07/2021,75.4700
26/07/2021,75.1900
23/07/2021,75.7600
22/07/2021,74.0600
19/07/2021,70.6900
16/07/2021,75.3900
15/07/2021,76.3500
14/07/2021,77.9900
13/07/2021,77.7400
12/07/2021,77.8800
09/07/2021,78.4100
08/07/2021,75.5500
07/07/2021,75.0500
06/07/2021,77.1700
05/07/2021,79.1800
02/07/2021,78.5500
01/07/2021,77.7600
30/06/2021,78.0100
29/06/2021,76.5300
28/06/2021,76.4800
25/06/2021,77.3100
24/06/2021,76.9100
23/06/2021,76.8600
22/06/2021,75.9200
21/06/2021,74.9900
18/06/2021,74.2200
17/06/2021,73.2700
16/06/2021,74.7900
15/06/2021,73.4600
14/06/2021,72.9800
11/06/2021,72.0600
10/06/2021,71.6100
09/06/2021,71.4500
08/06/2021,70.6000
07/06/2021,70.2300
04/06/2021,70.4500
03/06/2021,69.3300
02/06/2021,69.3900
01/06/2021,69.2600
28/05/2021,68.5900
27/05/2021,68.2100
26/05/2021,68.1300
25/05/2021,67.8800
24/05/2021,67.4900
21/05/2021,66.1000
20/05/2021,65.5600
19/05/2021,65.5200
18/05/2021,68.7600
17/05/2021,68.6100
14/05/2021,68.2100
11/05/2021,67.8600
10/05/2021,67.5800
07/05/2021,67.8200
06/05/2021,68.2800
05/05/2021,69.5900
04/05/2021,68.3700
30/04/2021,66.8400
29/04/2021,67.2000
28/04/2021,66.6900
27/04/2021,65.1200
26/04/2021,64.9800
23/04/2021,65.4200
22/04/2021,64.9200
21/04/2021,64.3600
20/04/2021,64.2500
19/04/2021,66.1900
16/04/2021,65.7400
15/04/2021,65.5500
14/04/2021,65.5900
13/04/2021,62.8300
12/04/2021,62.4800
09/04/2021,61.8600
08/04/2021,61.5300
07/04/2021,60.6500
06/04/2021,62.1500
01/04/2021,61.7000
31/03/2021,62.9800
30/03/2021,63.4000
29/03/2021,63.2400
26/03/2021,63.8500
25/03/2021,61.3900
24/03/2021,63.6600
23/03/2021,61.7100
22/03/2021,63.7900
19/03/2021,63.4400
18/03/2021,65.0300
17/03/2021,67.3400
16/03/2021,67.8500
15/03/2021,68.7100
12/03/2021,69.4100
11/03/2021,69.3500
10/03/2021,66.9000
09/03/2021,67.1600
08/03/2021,68.7000
05/03/2021,69.3700
04/03/2021,67.7300
03/03/2021,64.6400
02/03/2021,63.8900
01/03/2021,65.7500
26/02/2021,66.0700
25/02/2021,67.1500
24/02/2021,66.7100
23/02/2021,65.1800
22/02/2021,64.3000
19/02/2021,63.9500
18/02/2021,65.0100
17/02/2021,64.7100
16/02/2021,63.9100
15/02/2021,64.3000
12/02/2021,62.2100
11/02/2021,61.3700
10/02/2021,61.5900
09/02/2021,60.9100
08/02/2021,60.3300
05/02/2021,60.2000
04/02/2021,59.0500
03/02/2021,58.6100
02/02/2021,57.8100
01/02/2021,55.8000
29/01/2021,55.1600
28/01/2021,55.1700
27/01/2021,55.7400
26/01/2021,55.4100
25/01/2021,55.1300
22/01/2021,55.3100
21/01/2021,55.7700
20/01/2021,56.1800
19/01/2021,55.7300
18/01/2021,54.9000
15/01/2021,55.2030
14/01/2021,55.4600
13/01/2021,56.2000
12/01/2021,56.3900
11/01/2021,55.2500
08/01/2021,55.4200
07/01/2021,54.3800
06/01/2021,54.6600
05/01/2021,52.9600
04/01/2021,50.6700
31/12/2020,51.2700
30/12/2020,50.9400
29/12/2020,51.1100
24/12/2020,50.9900
23/12/2020,51.6600
22/12/2020,50.6000
21/12/2020,50.3200
18/12/2020,52.5000
17/12/2020,51.5500
16/12/2020,51.8700
15/12/2020,51.2200
14/12/2020,49.9800
11/12/2020,50.4900
10/12/2020,51.4000
09/12/2020,49.1400
08/12/2020,49.3100
07/12/2020,49.3500
04/12/2020,49.4300
03/12/2020,48.4500
02/12/2020,48.4500
01/12/2020,47.6600
30/11/2020,46.6700
27/11/2020,47.3400
26/11/2020,26.2700
25/11/2020,47.7300
24/11/2020,47.4800
23/11/2020,44.6500
20/11/2020,43.1600
19/11/2020,42.7400
18/11/2020,42.9600
17/11/2020,42.0100
16/11/2020,42.9500
13/11/2020,41.6600
12/11/2020,42.5400
11/11/2020,43.0600
10/11/2020,41.6500
09/11/2020,41.1500
06/11/2020,38.3800
05/11/2020,39.5000
04/11/2020,39.1900
03/11/2020,38.0400
02/11/2020,36.4900
30/10/2020,36.3700
28/10/2020,37.7900
27/10/2020,39.7300
26/10/2020,38.9900
23/10/2020,40.9100
22/10/2020,41.0800
21/10/2020,39.6700
20/10/2020,40.3900
19/10/2020,41.1700
16/10/2020,40.8800
15/10/2020,40.3700
14/10/2020,41.0500
13/10/2020,40.7900
12/10/2020,39.9500
09/10/2020,41.3800
08/10/2020,41.0100
07/10/2020,39.6500
06/10/2020,40.6600
05/10/2020,39.5700
02/10/2020,38.0500
30/09/2020,39.7400
29/09/2020,39.9100
28/09/2020,40.9400
25/09/2020,40.5900
24/09/2020,40.7100
23/09/2020,41.3000
22/09/2020,40.8000
21/09/2020,39.9800
18/09/2020,42.2300
17/09/2020,42.1900
16/09/2020,40.7300
15/09/2020,38.9600
14/09/2020,38.3900
11/09/2020,39.3600
10/09/2020,39.7000
09/09/2020,40.0000
08/09/2020,38.6200
07/09/2020,40.6800
04/09/2020,42.9200
03/09/2020,41.1900
02/09/2020,44.6600
01/09/2020,45.6600
31/08/2020,45.2600
28/08/2020,44.9400
27/08/2020,44.7700
26/08/2020,45.9400
25/08/2020,46.2100
24/08/2020,44.3300
21/08/2020,43.5400
20/08/2020,44.4900
19/08/2020,45.2400
18/08/2020,45.5700
17/08/2020,45.0800
14/08/2020,45.2000
13/08/2020,45.5000
12/08/2020,45.4500
11/08/2020,44.7500
10/08/2020,44.5400
07/08/2020,44.7200
06/08/2020,45.6900
05/08/2020,46.2000
04/08/2020,44.3800
03/08/2020,44.3000
31/07/2020,43.6200
30/07/2020,42.9700
29/07/2020,44.3900
28/07/2020,43.9200
27/07/2020,43.3000
24/07/2020,43.9100
23/07/2020,44.5000
22/07/2020,44.1700
21/07/2020,45.5600
20/07/2020,43.9100
17/07/2020,44.4300
16/07/2020,45.1500
15/07/2020,44.9100
14/07/2020,44.3300
13/07/2020,44.5300
10/07/2020,43.8800
09/07/2020,43.3700
08/07/2020,44.4200
07/07/2020,44.5000
06/07/2020,44.0400
03/07/2020,43.8500
02/07/2020,43.5500
01/07/2020,43.1500
30/06/2020,42.4900
29/06/2020,41.6700
26/06/2020,41.0700
25/06/2020,40.9800
24/06/2020,40.7100
23/06/2020,43.7200
22/06/2020,42.9800
19/06/2020,42.9400
18/06/2020,41.7000
17/06/2020,40.5200
16/06/2020,40.3500
15/06/2020,38.6900
12/06/2020,38.4500
11/06/2020,38.3300
10/06/2020,40.0600
09/06/2020,39.2100
08/06/2020,40.3700
05/06/2020,41.2400
04/06/2020,37.9100
03/06/2020,37.8400
02/06/2020,37.8000
01/06/2020,36.0900
29/05/2020,33.9100
28/05/2020,33.5000
27/05/2020,33.6900
26/05/2020,33.6200
22/05/2020,33.5100
21/05/2020,34.8800
19/05/2020,32.2500
18/05/2020,32.2000
15/05/2020,28.2900
14/05/2020,26.8900
13/05/2020,26.5700
12/05/2020,27.0100
11/05/2020,26.2300
07/05/2020,25.9700
06/05/2020,19.6100
05/05/2020,20.3800
04/05/2020,14.7900
01/05/2020,13.9100
30/04/2020,13.8800
29/04/2020,13.1800
28/04/2020,10.6200
27/04/2020,9.7500
24/04/2020,11.3500
23/04/2020,11.5400
22/04/2020,9.0200
21/04/2020,7.1500
20/04/2020,13.8400
17/04/2020,15.4000
16/04/2020,14.5300
15/04/2020,15.5300
14/04/2020,18.5800
09/04/2020,18.4700
08/04/2020,20.7200
07/04/2020,19.5600
06/04/2020,17.6900
03/04/2020,19.0000
02/04/2020,14.7500
01/04/2020,11.0300
31/03/2020,15.2600
30/03/2020,15.0700
27/03/2020,18.4700
26/03/2020,21.3900
25/03/2020,21.4000
24/03/2020,23.0500
23/03/2020,25.0000
20/03/2020,27.9300
19/03/2020,25.3800
18/03/2020,27.5600
17/03/2020,29.6100
16/03/2020,31.4700
13/03/2020,34.2500
12/03/2020,33.0200
11/03/2020,36.8300
10/03/2020,37.5700
09/03/2020,37.3300
06/03/2020,48.0500
05/03/2020,53.7400
04/03/2020,54.3100
03/03/2020,54.6900
02/03/2020,54.9700
28/02/2020,53.7600
27/02/2020,54.7400
26/02/2020,57.5100
25/02/2020,58.6200
24/02/2020,58.5900
21/02/2020,61.1500
20/02/2020,62.6400
19/02/2020,62.2700
18/02/2020,59.9000
17/02/2020,60.3800
14/02/2020,59.9200
13/02/2020,58.8900
12/02/2020,58.0900
11/02/2020,56.5500
10/02/2020,56.6900
07/02/2020,57.8300
06/02/2020,58.4800
05/02/2020,58.6600
04/02/2020,57.2000
03/02/2020,57.3000
31/01/2020,61.0700
30/01/2020,61.0200
29/01/2020,62.5600
28/01/2020,62.0200
27/01/2020,61.1900
24/01/2020,61.9900
23/01/2020,63.9100
22/01/2020,64.7600
21/01/2020,66.3100
20/01/2020,67.2800
17/01/2020,66.7000
16/01/2020,67.3800
15/01/2020,66.0400
14/01/2020,67.3000
13/01/2020,68.6400
10/01/2020,68.8800
09/01/2020,68.7900
08/01/2020,71.4800
07/01/2020,72.1800
06/01/2020,71.9800
03/01/2020,71.2100
02/01/2020,69.0400
31/12/2019,67.9100
30/12/2019,70.5700
27/12/2019,71.3100
24/12/2019,69.1200
23/12/2019,70.0000
20/12/2019,70.6800
19/12/2019,70.5600
18/12/2019,70.0400
17/12/2019,69.8700
16/12/2019,69.2300
13/12/2019,68.5300
12/12/2019,67.6100
11/12/2019,67.3000
10/12/2019,67.5200
09/12/2019,67.5100
06/12/2019,66.9900
05/12/2019,67.0800
04/12/2019,65.2000
03/12/2019,63.7600
02/12/2019,64.3900
29/11/2019,65.8700
28/11/2019,65.6700
27/11/2019,65.8600
26/11/2019,65.5800
25/11/2019,65.0000
22/11/2019,66.1000
21/11/2019,64.3500
20/11/2019,62.2500
19/11/2019,63.1900
18/11/2019,64.3300
15/11/2019,63.6700
14/11/2019,63.4700
13/11/2019,62.1000
12/11/2019,63.3000
11/11/2019,62.8600
08/11/2019,61.9200
07/11/2019,63.0000
06/11/2019,63.1600
05/11/2019,63.1000
04/11/2019,62.5400
01/11/2019,60.8300
31/10/2019,61.6800
30/10/2019,62.5400
29/10/2019,61.9300
28/10/2019,63.8300
25/10/2019,63.4000
24/10/2019,63.1200
23/10/2019,61.5000
22/10/2019,61.5400
21/10/2019,60.7200
18/10/2019,62.0700
17/10/2019,60.8600
16/10/2019,60.4000
15/10/2019,59.2400
14/10/2019,58.5600
11/10/2019,60.6400
10/10/2019,61.4300
09/10/2019,62.0500
08/10/2019,60.4900
07/10/2019,61.9000
04/10/2019,61.5800
03/10/2019,60.4600
02/10/2019,60.4700
01/10/2019,62.6100
30/09/2019,63.5400
27/09/2019,65.0300
26/09/2019,64.6800
25/09/2019,65.0100
24/09/2019,66.9600
23/09/2019,67.3600
20/09/2019,67.8300
19/09/2019,66.8500
18/09/2019,66.8900
17/09/2019,68.1900
16/09/2019,71.0200
13/09/2019,63.8500
12/09/2019,63.3600
11/09/2019,65.5700
10/09/2019,67.0200
09/09/2019,66.3400
06/09/2019,63.6300
05/09/2019,65.1000
04/09/2019,62.5300
03/09/2019,59.7800
02/09/2019,60.4000
30/08/2019,63.1900
29/08/2019,62.7400
28/08/2019,62.5700
27/08/2019,60.5900
23/08/2019,60.7900
22/08/2019,61.9100
21/08/2019,62.9000
20/08/2019,61.3300
19/08/2019,62.0900
16/08/2019,61.3000
15/08/2019,59.3700
14/08/2019,59.7600
13/08/2019,61.8000
12/08/2019,59.0300
09/08/2019,59.2700
08/08/2019,57.9900
07/08/2019,56.7300
17/05/2019,75.7600
16/05/2019,74.9000
15/05/2019,73.6700
14/05/2019,73.8800
13/05/2019,73.8900
10/05/2019,72.7200
09/05/2019,71.9400
08/05/2019,71.9200
07/05/2019,72.2300
03/05/2019,72.7200
02/05/2019,73.1100
30/04/2019,73.7200
29/04/2019,72.6200
26/04/2019,74.3000
25/04/2019,75.9300
24/04/2019,75.9100
23/04/2019,74.9400
18/04/2019,72.5800
17/04/2019,73.1700
16/04/2019,72.6900
15/04/2019,72.8100
12/04/2019,73.2800
11/04/2019,73.1500
10/04/2019,72.8900
09/04/2019,72.8400
08/04/2019,72.4800
05/04/2019,71.1300
04/04/2019,71.1800
03/04/2019,71.5800
02/04/2019,71.0500
01/04/2019,70.1100
29/03/2019,69.0200
28/03/2019,68.2600
27/03/2019,69.3900
26/03/2019,69.6400
25/03/2019,68.3200
22/03/2019,68.9100
21/03/2019,70.0400
20/03/2019,68.9400
19/03/2019,69.0700
18/03/2019,68.2100
15/03/2019,67.4700
14/03/2019,68.1300
13/03/2019,67.4900
12/03/2019,67.5500
11/03/2019,66.7100
08/03/2019,65.4800
07/03/2019,67.0200
06/03/2019,65.7300
05/03/2019,65.8900
04/03/2019,66.0300
01/03/2019,66.9000
28/02/2019,66.2300
27/02/2019,66.2400
26/02/2019,65.3400
25/02/2019,67.3700
22/02/2019,68.4200
21/02/2019,68.1100
20/02/2019,67.1400
19/02/2019,67.4600
18/02/2019,67.3700
15/02/2019,66.6800
14/02/2019,65.1200
13/02/2019,64.4300
12/02/2019,63.9200
11/02/2019,62.6300
08/02/2019,62.6800
07/02/2019,63.1700
06/02/2019,62.5300
05/02/2019,63.6000
04/02/2019,63.7400
01/02/2019,62.4500
31/01/2019,62.6900
30/01/2019,62.5300
29/01/2019,61.7600
28/01/2019,61.7200
25/01/2019,62.5200
24/01/2019,62.0100
23/01/2019,62.7900
22/01/2019,62.7700
21/01/2019,63.2700
18/01/2019,61.9400
17/01/2019,60.6200
16/01/2019,60.6100
15/01/2019,59.5400
14/01/2019,59.5300
11/01/2019,60.6000
10/01/2019,59.7800
09/01/2019,58.3900
08/01/2019,56.7600
07/01/2019,56.9700
04/01/2019,56.8200
03/01/2019,54.7500
02/01/2019,52.6300
31/12/2018,67.4600
28/12/2018,51.9000
27/12/2018,66.7000
21/12/2018,52.4200
20/12/2018,54.4000
19/12/2018,55.6700
18/12/2018,57.1200
17/12/2018,59.9000
14/12/2018,60.3100
13/12/2018,59.5500
12/12/2018,60.7500
11/12/2018,60.5000
10/12/2018,60.8100
07/12/2018,59.8100
06/12/2018,59.7100
05/12/2018,61.9300
04/12/2018,62.6200
03/12/2018,61.7100
30/11/2018,58.9600
29/11/2018,58.7000
28/11/2018,60.3100
27/11/2018,60.5900
26/11/2018,60.2700
23/11/2018,60.2600
22/11/2018,62.6900
21/11/2018,62.7300
19/11/2018,66.0100
16/11/2018,67.6800
15/11/2018,66.1800
14/11/2018,65.9700
13/11/2018,69.1400
12/11/2018,71.4000
09/11/2018,69.0300
08/11/2018,72.2100
07/11/2018,72.9800
06/11/2018,73.2800
05/11/2018,72.5400
02/11/2018,72.5400
01/11/2018,74.9800
31/10/2018,76.6200
30/10/2018,77.7100
29/10/2018,78.5600
26/10/2018,77.8000
25/10/2018,77.9100
24/10/2018,78.3300
23/10/2018,79.9400
22/10/2018,81.1400
19/10/2018,81.7000
18/10/2018,80.1500
17/10/2018,81.7500
16/10/2018,81.5000
15/10/2018,81.9600
12/10/2018,82.0300
11/10/2018,82.8200
10/10/2018,85.8200
09/10/2018,86.1700
08/10/2018,84.2800
05/10/2018,85.8300
04/10/2018,87.3500
03/10/2018,86.3100
02/10/2018,86.0100
28/09/2018,82.6500
27/09/2018,82.8000
26/09/2018,82.1000
25/09/2018,82.7700
24/09/2018,81.3200
21/09/2018,80.4100
20/09/2018,80.0600
19/09/2018,79.9500
18/09/2018,79.4100
17/09/2018,78.6300
14/09/2018,78.2200
13/09/2018,79.9000
12/09/2018,79.5200
11/09/2018,77.9400
10/09/2018,77.3600
07/09/2018,76.4400
06/09/2018,77.4500
05/09/2018,77.2600
04/09/2018,79.3100
03/09/2018,77.6500
31/08/2018,77.7600
30/08/2018,77.4400
29/08/2018,76.3600
28/08/2018,75.5800
24/08/2018,75.4100
23/08/2018,73.9700
22/08/2018,73.6300
21/08/2018,72.1700
20/08/2018,71.0500
17/08/2018,70.7500
16/08/2018,69.6100
15/08/2018,70.3500
14/08/2018,72.1800
13/08/2018,71.6100
08/08/2018,72.9800
07/08/2018,73.9800
06/08/2018,73.9900
03/08/2018,74.0500
02/08/2018,72.9600
01/08/2018,73.9200
31/07/2018,75.3700
30/07/2018,75.6300
20/07/2018,72.3500
19/07/2018,71.7100
18/07/2018,71.3000
17/07/2018,71.2500
16/07/2018,73.1600
13/07/2018,73.8900
12/07/2018,73.6800
11/07/2018,77.0200
10/07/2018,78.7400
09/07/2018,76.5000
06/07/2018,76.4800
05/07/2018,77.6600
04/07/2018,77.4900
03/07/2018,77.4600
02/07/2018,77.1100
28/06/2018,76.7200
27/06/2018,76.2000
26/06/2018,74.2500
25/06/2018,74.0800
22/06/2018,74.3100
21/06/2018,73.3000
20/06/2018,76.0700
19/06/2018,75.8200
15/06/2018,74.6800
14/06/2018,76.1200
13/06/2018,75.2400
12/06/2018,75.1000
11/06/2018,75.2000
08/06/2018,76.0400
07/06/2018,75.2200
06/06/2018,74.3100
05/06/2018,73.4000
04/06/2018,74.8600
25/05/2018,77.8900
23/05/2018,79.8800
22/05/2018,80.2500
21/05/2018,78.6000
18/05/2018,80.0800
17/05/2018,80.7500
16/05/2018,78.8900
15/05/2018,79.9700
14/05/2018,78.3200
11/05/2018,78.7300
10/05/2018,78.6700
09/05/2018,77.9000
08/05/2018,76.8600
04/05/2018,75.0300
02/05/2018,75.1400
30/04/2018,75.9800
27/04/2018,76.6400
26/04/2018,75.8200
25/04/2018,75.7800
24/04/2018,76.1200
23/04/2018,75.9300
19/04/2018,75.9500
18/04/2018,74.2300
17/04/2018,73.5500
16/04/2018,73.3900
13/04/2018,73.3100
12/04/2018,72.8700
11/04/2018,72.3200
10/04/2018,70.5200
09/04/2018,68.1400
06/04/2018,67.5400
05/04/2018,67.5700
04/04/2018,67.0800
03/04/2018,68.2200
29/03/2018,69.0400
28/03/2018,69.4400
27/03/2018,70.4300
26/03/2018,70.3900
23/03/2018,70.4500
22/03/2018,69.1000
21/03/2018,68.1100
20/03/2018,66.6100
19/03/2018,64.9200
16/03/2018,64.9200
15/03/2018,65.1100
14/03/2018,65.7900
13/03/2018,65.5700
12/03/2018,65.9300
09/03/2018,65.2900
08/03/2018,65.2100
07/03/2018,66.6700
06/03/2018,67.1500
05/03/2018,66.1300
02/03/2018,65.2200
01/03/2018,65.7800
28/02/2018,67.4500
27/02/2018,68.5400
26/02/2018,68.0700
23/02/2018,66.8900
22/02/2018,65.7100
21/02/2018,65.4200
20/02/2018,65.2900
19/02/2018,65.5100
16/02/2018,64.6200
15/02/2018,64.2900
14/02/2018,62.9700
13/02/2018,62.4800
12/02/2018,64.2000
09/02/2018,64.7900
08/02/2018,65.8000
07/02/2018,67.6700
06/02/2018,67.4000
05/02/2018,68.0100
02/02/2018,69.6900
01/02/2018,69.9700
31/01/2018,68.6100
30/01/2018,69.0000
29/01/2018,70.4400
26/01/2018,71.5000
25/01/2018,71.6800
24/01/2018,70.4900
23/01/2018,70.1100
22/01/2018,69.3800
19/01/2018,69.7800
18/01/2018,70.0300
17/01/2018,69.7400
16/01/2018,70.7200
15/01/2018,71.1000
12/01/2018,70.3300
11/01/2018,70.8000
10/01/2018,70.7500
09/01/2018,69.3600
08/01/2018,68.6500
05/01/2018,68.8600
04/01/2018,68.7600
03/01/2018,67.7000
02/01/2018,67.4500
29/12/2017,67.4600
28/12/2017,66.3700
27/12/2017,66.7000
22/12/2017,64.8100
21/12/2017,64.8800
20/12/2017,64.5900
19/12/2017,65.0300
18/12/2017,64.4600
15/12/2017,64.5100
14/12/2017,64.1200
13/12/2017,65.3500
12/12/2017,67.0500
11/12/2017,64.6100
08/12/2017,63.6800
07/12/2017,62.7900
05/12/2017,63.5300
04/12/2017,64.3200
30/11/2017,64.9700
29/11/2017,64.0000
28/11/2017,64.0700
27/11/2017,64.3200
24/11/2017,64.2300
23/11/2017,63.7100
22/11/2017,63.7200
21/11/2017,62.4200
14/11/2017,62.9900
13/11/2017,64.3200
09/11/2017,64.4500
08/11/2017,64.7800
07/11/2017,65.2800
06/11/2017,63.3400
03/11/2017,61.8200
02/11/2017,61.1800
01/11/2017,62.3600
31/10/2017,61.5600
30/10/2017,61.2400
27/10/2017,58.8300
26/10/2017,59.1100
25/10/2017,59.1400
24/10/2017,58.2400
23/10/2017,58.5400
20/10/2017,58.0800
19/10/2017,58.3500
18/10/2017,59.0000
17/10/2017,58.4200
16/10/2017,58.4700
13/10/2017,56.8100
12/10/2017,56.9100
11/10/2017,57.3400
10/10/2017,56.7900
09/10/2017,56.3700
06/10/2017,56.7600
05/10/2017,57.0800
04/10/2017,56.5100
03/10/2017,56.6700
29/09/2017,59.0400
28/09/2017,59.9200
27/09/2017,59.9200
26/09/2017,59.8700
25/09/2017,59.3400
22/09/2017,57.2300
21/09/2017,57.4800
20/09/2017,57.3800
19/09/2017,56.6200
18/09/2017,56.2800
15/09/2017,56.9800
14/09/2017,56.5600
13/09/2017,55.7500
12/09/2017,55.0400
11/09/2017,54.5000
08/09/2017,55.1500
07/09/2017,55.0800
06/09/2017,54.3900
05/09/2017,53.4300
31/08/2017,51.4600
30/08/2017,51.4800
29/08/2017,51.3900
25/08/2017,52.0700
24/08/2017,52.3600
23/08/2017,52.0200
22/08/2017,51.9900
21/08/2017,52.1000
18/08/2017,50.7900
17/08/2017,49.9600
16/08/2017,50.4900
15/08/2017,50.0000
14/08/2017,51.5900
11/08/2017,51.6900
10/08/2017,53.0500
09/08/2017,52.1500
08/08/2017,52.1800
07/08/2017,51.8500
04/08/2017,51.9200
03/08/2017,52.5400
02/08/2017,51.3000
01/08/2017,51.9300
31/07/2017,52.0300
28/07/2017,51.4300
26/07/2017,49.8400
25/07/2017,48.6400
24/07/2017,47.3700
21/07/2017,48.2900
20/07/2017,48.7700
19/07/2017,48.3900
18/07/2017,47.7900
17/07/2017,48.3000
14/07/2017,47.8800
13/07/2017,46.8000
12/07/2017,47.8100
11/07/2017,46.2100
10/07/2017,46.2700
07/07/2017,46.5500
06/07/2017,48.1600
05/07/2017,48.3100
04/07/2017,49.1900
03/07/2017,48.7600
30/06/2017,47.5200
29/06/2017,47.5500
28/06/2017,46.5300
23/06/2017,44.6700
22/06/2017,44.4700
21/06/2017,44.8900
20/06/2017,45.1900
19/06/2017,46.4400
16/06/2017,46.5300
15/06/2017,46.0500
14/06/2017,47.3100
13/06/2017,47.2000
12/06/2017,47.5500
09/06/2017,46.9000
08/06/2017,47.2800
07/06/2017,48.7700
06/06/2017,48.9300
05/06/2017,48.8200
02/06/2017,49.0500
01/06/2017,50.3600
31/05/2017,50.2200
30/05/2017,51.2000
26/05/2017,51.1100
25/05/2017,52.9100
24/05/2017,53.7500
23/05/2017,53.2900
22/05/2017,53.6500
19/05/2017,52.7700
18/05/2017,51.4500
17/05/2017,51.5200
16/05/2017,51.5000
15/05/2017,51.0500
12/05/2017,49.3200
11/05/2017,49.2400
10/05/2017,48.0000
09/05/2017,47.6500
08/05/2017,47.5900
05/05/2017,47.5400
04/05/2017,48.8100
03/05/2017,49.2300
02/05/2017,50.6600
28/04/2017,51.0300
25/04/2017,49.9100
24/04/2017,50.6200
21/04/2017,52.5600
20/04/2017,51.5800
19/04/2017,52.9100
18/04/2017,54.7000
12/04/2017,55.9200
11/04/2017,55.1600
10/04/2017,55.2800
07/04/2017,54.5900
06/04/2017,54.1100
05/04/2017,54.1000
04/04/2017,52.7100
03/04/2017,52.9100
31/03/2017,52.2100
30/03/2017,51.9200
29/03/2017,51.1200
28/03/2017,50.9300
27/03/2017,50.1700
24/03/2017,50.4800
23/03/2017,50.2800
22/03/2017,49.5800
21/03/2017,51.0100
20/03/2017,50.5600
17/03/2017,51.1400
16/03/2017,51.4200
15/03/2017,51.1700
14/03/2017,50.0500
13/03/2017,50.3700
10/03/2017,51.4300
09/03/2017,51.0500
08/03/2017,54.3500
07/03/2017,55.2500
06/03/2017,54.5000
03/03/2017,54.3400
02/03/2017,55.3200
01/03/2017,54.9800
28/02/2017,54.4000
27/02/2017,55.3800
24/02/2017,55.4600
23/02/2017,56.0600
22/02/2017,55.7500
21/02/2017,56.1600
20/02/2017,55.3500
17/02/2017,54.3100
16/02/2017,54.7700
15/02/2017,54.6500
14/02/2017,54.8600
13/02/2017,54.8800
10/02/2017,54.9300
09/02/2017,54.8100
08/02/2017,53.8200
07/02/2017,54.9400
06/02/2017,55.9000
03/02/2017,55.9400
02/02/2017,56.4300
01/02/2017,55.3400
31/01/2017,55.1300
30/01/2017,55.1800
27/01/2017,55.6500
25/01/2017,54.3400
24/01/2017,55.3200
23/01/2017,54.8700
20/01/2017,54.2300
19/01/2017,53.4400
18/01/2017,53.2500
17/01/2017,55.6000
16/01/2017,54.6600
13/01/2017,54.7900
11/01/2017,53.2500
10/01/2017,54.4000
09/01/2017,55.5300
05/01/2017,55.8300
04/01/2017,54.9100
03/01/2017,56.6900
30/12/2016,55.8900
29/12/2016,55.5900
28/12/2016,55.5500
23/12/2016,54.0100
20/12/2016,54.3100
19/12/2016,54.7300
16/12/2016,52.9800
14/12/2016,53.1500
13/12/2016,53.5300
12/12/2016,55.1200
09/12/2016,52.6700
08/12/2016,52.0700
07/12/2016,52.3500
06/12/2016,53.1000
05/12/2016,53.5000
01/12/2016,50.9100
30/11/2016,47.3500
29/11/2016,45.4600
28/11/2016,46.0600
25/11/2016,47.0300
24/11/2016,46.7500
23/11/2016,46.5300
22/11/2016,46.5200
21/11/2016,45.9700
18/11/2016,44.6300
17/11/2016,45.3700
16/11/2016,44.6400
15/11/2016,43.6900
14/11/2016,41.7300
11/11/2016,43.1600
10/11/2016,44.3600
09/11/2016,43.4800
08/11/2016,43.4800
07/11/2016,43.6600
03/11/2016,44.8400
02/11/2016,46.0300
01/11/2016,48.1500
31/10/2016,47.6200
30/10/2016,49.2100
28/10/2016,49.8900
27/10/2016,50.0500
26/10/2016,49.5900
25/10/2016,51.0500
24/10/2016,51.3700
21/10/2016,51.5800
20/10/2016,51.8300
19/10/2016,51.9700
18/10/2016,50.8900
17/10/2016,50.2300
14/10/2016,50.8400
13/10/2016,50.6200
12/10/2016,51.3800
11/10/2016,52.0700
10/10/2016,51.7400
07/10/2016,51.2300
06/10/2016,50.8900
05/10/2016,50.8800
04/10/2016,49.9000
29/09/2016,48.7700
28/09/2016,46.7200
27/09/2016,46.6100
26/09/2016,47.0600
23/09/2016,48.0900
22/09/2016,47.6800
21/09/2016,46.8200
20/09/2016,45.8700
19/09/2016,46.5600
16/09/2016,46.1600
15/09/2016,46.6000
14/09/2016,47.2500
09/09/2016,49.6000
08/09/2016,49.2900
07/09/2016,48.0000
06/09/2016,47.3600
05/09/2016,48.1600
02/09/2016,46.3500
01/09/2016,46.3900
31/08/2016,47.6600
30/08/2016,49.1700
29/08/2016,49.7800
26/08/2016,49.8300
25/08/2016,48.2800
24/08/2016,48.4200
23/08/2016,48.2900
22/08/2016,49.0200
19/08/2016,48.5400
18/08/2016,49.7500
17/08/2016,48.8500
16/08/2016,48.0000
15/08/2016,46.1500
12/08/2016,44.7800
11/08/2016,42.6200
10/08/2016,43.1700
09/08/2016,43.7300
08/08/2016,43.4300
05/08/2016,42.3300
04/08/2016,41.1100
03/08/2016,40.4100
02/08/2016,40.8000
01/08/2016,40.6000
29/07/2016,41.5600
28/07/2016,42.3600
27/07/2016,43.4900
26/07/2016,43.6300
25/07/2016,44.2400
22/07/2016,45.1800
21/07/2016,46.4300
20/07/2016,45.7700
19/07/2016,45.8000
18/07/2016,46.0100
15/07/2016,46.4500
14/07/2016,45.6200
13/07/2016,46.0000
12/07/2016,45.5100
11/07/2016,44.7800
08/07/2016,45.0400
04/07/2016,48.6500
01/07/2016,48.0400
30/06/2016,48.4900
29/06/2016,47.9100
28/06/2016,46.3200
27/06/2016,46.0400
24/06/2016,46.9200
23/06/2016,48.9000
22/06/2016,49.2000
21/06/2016,48.4300
20/06/2016,48.5400
17/06/2016,46.6300
16/06/2016,46.3200
15/06/2016,47.6100
14/06/2016,48.6000
13/06/2016,49.0600
09/06/2016,50.8400
08/06/2016,50.9100
07/06/2016,49.6000
06/06/2016,49.4800
03/06/2016,49.4400
02/06/2016,49.0000
01/06/2016,48.1800
31/05/2016,49.5200
27/05/2016,48.7200
26/05/2016,49.6400
25/05/2016,48.7500
24/05/2016,47.9300
23/05/2016,47.8400
20/05/2016,48.0200
19/05/2016,47.1700
18/05/2016,48.5900
17/05/2016,48.4400
16/05/2016,47.8500
13/05/2016,46.8600
12/05/2016,46.6400
11/05/2016,44.8100
10/05/2016,43.1100
09/05/2016,44.1700
06/05/2016,43.5900
05/05/2016,44.1300
04/05/2016,43.3800
03/05/2016,44.1500
29/04/2016,46.2900
28/04/2016,45.4000
27/04/2016,44.7700
26/04/2016,42.8100
25/04/2016,43.4100
22/04/2016,43.4000
21/04/2016,44.1900
20/04/2016,42.3500
19/04/2016,42.4100
18/04/2016,40.2600
15/04/2016,41.6500
14/04/2016,42.7800
13/04/2016,42.9900
12/04/2016,42.1800
11/04/2016,40.9100
08/04/2016,39.2900
06/04/2016,36.9200
05/04/2016,35.5100
04/04/2016,36.3800
01/04/2016,37.2300
31/03/2016,37.3200
30/03/2016,37.8300
29/03/2016,37.4400
24/03/2016,37.8500
23/03/2016,40.1900
22/03/2016,40.0300
21/03/2016,39.4100
18/03/2016,39.6700
17/03/2016,39.2900
16/03/2016,38.3300
15/03/2016,37.4300
14/03/2016,38.3700
11/03/2016,39.5200
10/03/2016,39.7400
09/03/2016,39.0200
08/03/2016,39.4600
07/03/2016,38.4500
04/03/2016,35.7600
03/03/2016,35.7000
02/03/2016,35.5300
01/03/2016,35.8300
29/02/2016,34.7600
26/02/2016,34.6000
25/02/2016,32.1500
24/02/2016,31.2600
23/02/2016,32.8900
22/02/2016,32.5400
19/02/2016,32.2800
17/02/2016,31.5100
16/02/2016,32.6600
15/02/2016,32.3200
12/02/2016,29.9400
11/02/2016,29.1500
10/02/2016,28.8500
09/02/2016,30.7500
08/02/2016,31.1100
05/02/2016,31.7000
04/02/2016,32.8300
03/02/2016,30.6900
02/02/2016,30.3500
01/02/2016,32.5900
29/01/2016,32.9600
28/01/2016,32.9200
27/01/2016,30.1900
26/01/2016,28.9500
25/01/2016,30.2500
22/01/2016,29.4700
21/01/2016,25.8100
20/01/2016,27.5900
19/01/2016,26.9500
18/01/2016,27.6600
15/01/2016,28.9300
14/01/2016,27.9600
13/01/2016,29.4700
12/01/2016,29.6500
11/01/2016,31.3100
08/01/2016,32.5000
07/01/2016,32.3200
06/01/2016,34.1300
05/01/2016,36.3300
04/01/2016,37.9400
31/12/2015,35.7000
30/12/2015,36.3600
29/12/2015,36.0900
23/12/2015,35.4900
22/12/2015,35.5700
21/12/2015,35.5600
18/12/2015,36.1800
17/12/2015,36.6300
15/12/2015,37.4300
14/12/2015,35.9400
11/12/2015,38.1100
10/12/2015,39.0400
09/12/2015,39.2800
08/12/2015,39.3000
07/12/2015,40.7500
04/12/2015,42.6300
03/12/2015,41.8400
02/12/2015,42.4600
01/12/2015,43.3500
30/11/2015,43.7200
26/11/2015,44.2700
25/11/2015,44.1500
24/11/2015,44.5200
23/11/2015,42.8800
20/11/2015,42.7500
19/11/2015,42.4200
18/11/2015,41.9900
17/11/2015,41.8700
16/11/2015,43.3800
13/11/2015,43.6600
12/11/2015,45.2600
11/11/2015,46.6700
10/11/2015,46.0300
09/11/2015,46.9700
06/11/2015,47.5000
05/11/2015,47.4000
04/11/2015,49.0200
03/11/2015,48.6600
02/11/2015,48.6100
30/10/2015,48.3200
29/10/2015,47.7700
28/10/2015,46.9500
27/10/2015,46.3000
26/10/2015,47.0200
23/10/2015,47.3200
22/10/2015,47.3700
21/10/2015,47.1900
20/10/2015,47.8400
19/10/2015,49.1500
16/10/2015,49.5900
15/10/2015,48.8000
14/10/2015,48.4700
13/10/2015,50.1500
12/10/2015,52.6700
09/10/2015,53.4800
08/10/2015,52.0000
07/10/2015,52.7600
06/10/2015,50.0800
05/10/2015,48.9200
02/10/2015,47.1500
01/10/2015,48.5700
30/09/2015,47.9100
29/09/2015,47.1200
28/09/2015,47.1400
23/09/2015,48.6700
22/09/2015,47.6700
18/09/2015,48.6100
17/09/2015,48.9600
16/09/2015,47.4700
15/09/2015,46.2200
14/09/2015,46.8600
11/09/2015,47.2700
10/09/2015,47.8500
09/09/2015,49.0500
08/09/2015,47.6700
07/09/2015,47.9600
04/09/2015,49.3400
03/09/2015,50.3400
02/09/2015,47.7500
01/09/2015,50.7200
31/08/2015,49.6600
28/08/2015,46.5600
27/08/2015,43.7900
26/08/2015,41.9100
25/08/2015,42.5400
24/08/2015,42.5400
21/08/2015,44.8000
20/08/2015,45.2900
19/08/2015,47.4000
18/08/2015,47.5400
17/08/2015,48.4400
14/08/2015,48.1700
13/08/2015,49.0700
12/08/2015,48.6100
11/08/2015,48.6500
10/08/2015,48.2300
07/08/2015,49.6700
06/08/2015,48.6000
05/08/2015,49.6700
04/08/2015,49.9000
03/08/2015,51.6500
31/07/2015,53.5700
30/07/2015,54.7600
29/07/2015,53.8600
28/07/2015,53.4200
27/07/2015,53.8100
24/07/2015,54.2000
23/07/2015,55.9600
22/07/2015,56.0000
21/07/2015,56.5100
16/07/2015,57.2600
15/07/2015,57.7600
14/07/2015,56.6700
13/07/2015,57.5700
10/07/2015,58.2100
09/07/2015,57.4900
08/07/2015,56.1500
07/07/2015,55.9400
06/07/2015,57.8400
03/07/2015,60.7300
02/07/2015,61.7200
01/07/2015,60.8000
26/06/2015,60.4200
25/06/2015,61.5100
24/06/2015,62.5100
23/06/2015,61.9700
22/06/2015,60.3300
19/06/2015,60.7200
18/06/2015,61.7900
17/06/2015,62.0400
16/06/2015,62.2200
15/06/2015,62.6100
12/06/2015,64.0300
11/06/2015,64.9600
10/06/2015,65.1400
09/06/2015,63.3000
08/06/2015,61.8100
05/06/2015,60.7500
04/06/2015,62.6200
03/06/2015,63.7400
01/06/2015,64.4400
28/05/2015,61.2800
27/05/2015,62.3900
26/05/2015,63.6300
25/05/2015,64.5900
22/05/2015,64.8400
21/05/2015,65.7900
20/05/2015,64.6200
19/05/2015,65.0600
18/05/2015,66.1700
15/05/2015,65.5900
14/05/2015,66.7600
13/05/2015,66.8600
12/05/2015,65.2400
11/05/2015,64.5400
08/05/2015,65.0700
06/05/2015,67.4600
05/05/2015,66.4400
04/05/2015,65.7900
30/04/2015,65.3200
29/04/2015,63.5900
28/04/2015,63.8600
27/04/2015,64.0000
24/04/2015,64.2300
23/04/2015,61.7300
22/04/2015,60.5700
21/04/2015,61.7800
20/04/2015,61.7900
17/04/2015,62.3000
16/04/2015,63.3900
15/04/2015,59.8400
14/04/2015,58.6400
13/04/2015,59.0600
10/04/2015,57.4700
09/04/2015,57.3300
08/04/2015,58.3600
07/04/2015,58.1600
02/04/2015,56.3000
01/04/2015,54.5800
31/03/2015,54.6600
30/03/2015,55.3000
27/03/2015,57.3500
26/03/2015,57.3200
25/03/2015,54.6600
24/03/2015,55.1400
23/03/2015,54.4400
20/03/2015,53.7200
19/03/2015,54.3200
18/03/2015,52.8100
17/03/2015,52.6300
16/03/2015,53.2800
13/03/2015,56.3500
12/03/2015,58.0200
11/03/2015,56.3500
10/03/2015,57.4400
09/03/2015,58.7800
06/03/2015,60.5900
05/03/2015,60.7000
04/03/2015,60.6400
03/03/2015,60.9300
02/03/2015,61.8800
27/02/2015,61.8900
26/02/2015,62.1600
25/02/2015,59.9100
24/02/2015,59.8200
23/02/2015,59.7600
20/02/2015,60.2800
18/02/2015,61.3900
17/02/2015,61.8300
16/02/2015,60.7600
13/02/2015,58.9600
12/02/2015,54.7700
11/02/2015,54.9400
10/02/2015,56.8300
09/02/2015,56.5100
06/02/2015,57.3900
05/02/2015,54.4300
04/02/2015,55.1000
03/02/2015,54.7600
02/02/2015,51.7000
30/01/2015,48.1600
29/01/2015,47.7000
28/01/2015,47.6200
27/01/2015,46.7300
26/01/2015,46.6400
23/01/2015,47.1300
22/01/2015,48.4200
21/01/2015,47.8200
20/01/2015,47.6100
19/01/2015,49.1400
16/01/2015,49.8000
15/01/2015,49.0200
14/01/2015,46.7500
13/01/2015,46.3700
12/01/2015,48.3900
09/01/2015,50.2800
08/01/2015,51.1300
07/01/2015,50.9500
06/01/2015,51.7800
05/01/2015,54.7900
31/12/2014,57.8000
30/12/2014,57.4600
29/12/2014,59.8800
24/12/2014,60.2600
23/12/2014,59.9700
22/12/2014,61.4000
19/12/2014,60.1200
18/12/2014,62.8000
17/12/2014,60.3400
16/12/2014,60.2600
15/12/2014,63.4500
12/12/2014,63.6500
11/12/2014,64.8800
10/12/2014,66.2500
09/12/2014,66.5800
08/12/2014,68.1200
05/12/2014,69.5500
04/12/2014,70.3500
03/12/2014,71.5600
02/12/2014,72.3700
01/12/2014,70.0600
28/11/2014,73.1700
27/11/2014,76.2200
26/11/2014,78.4600
25/11/2014,80.3000
24/11/2014,80.5200
21/11/2014,80.7900
20/11/2014,77.9900
19/11/2014,78.5800
18/11/2014,78.7200
17/11/2014,78.0200
14/11/2014,78.8800
13/11/2014,79.7800
12/11/2014,81.7600
11/11/2014,82.7000
10/11/2014,85.2300
07/11/2014,83.9700
06/11/2014,83.5900
05/11/2014,83.1200
04/11/2014,83.6800
03/11/2014,86.1400
31/10/2014,85.3100
30/10/2014,86.9500
29/10/2014,87.5800
28/10/2014,86.8300
27/10/2014,86.2500
24/10/2014,86.5800
22/10/2014,87.4200
21/10/2014,86.6300
20/10/2014,86.0200
17/10/2014,87.2100
16/10/2014,83.8300
15/10/2014,84.9600
14/10/2014,87.9900
13/10/2014,88.8500
10/10/2014,89.7800
09/10/2014,91.4200
08/10/2014,91.5100
03/10/2014,92.8100
02/10/2014,92.6500
30/09/2014,96.7700
29/09/2014,95.7000
26/09/2014,96.1100
25/09/2014,96.0600
24/09/2014,95.2400
23/09/2014,96.4800
22/09/2014,97.2200
19/09/2014,97.3200
18/09/2014,98.1300
17/09/2014,98.3900
16/09/2014,98.2100
15/09/2014,96.9300
12/09/2014,97.8600
11/09/2014,99.6100
10/09/2014,98.0700
09/09/2014,99.2200
08/09/2014,99.5100
05/09/2014,101.2900
04/09/2014,102.0700
03/09/2014,101.0800
02/09/2014,101.3900
01/09/2014,102.3100
29/08/2014,101.7400
28/08/2014,101.3000
27/08/2014,101.1300
26/08/2014,101.3800
25/08/2014,100.9800
22/08/2014,101.3100
21/08/2014,100.3000
20/08/2014,100.9900
19/08/2014,99.5800
18/08/2014,100.8700
13/08/2014,102.0500
11/08/2014,104.1400
07/08/2014,104.6300
06/08/2014,104.2300
05/08/2014,104.4400
04/08/2014,104.4200
01/08/2014,105.7100
31/07/2014,107.9500
30/07/2014,109.5600
25/07/2014,108.3000
24/07/2014,109.3000
23/07/2014,109.0700
22/07/2014,109.0800
21/07/2014,107.7500
18/07/2014,108.9400
17/07/2014,109.0700
16/07/2014,107.8000
15/07/2014,106.3500
14/07/2014,108.2700
11/07/2014,108.7500
10/07/2014,109.0300
09/07/2014,109.6800
08/07/2014,110.6400
07/07/2014,111.6000
04/07/2014,111.6100
03/07/2014,111.9300
02/07/2014,112.8500
01/07/2014,113.5800
30/06/2014,114.7400
27/06/2014,115.4400
26/06/2014,115.4200
25/06/2014,115.4200
24/06/2014,116.5700
23/06/2014,116.9600
20/06/2014,117.7000
19/06/2014,116.9900
18/06/2014,116.5400
17/06/2014,115.8700
16/06/2014,114.9900
13/06/2014,116.0500
12/06/2014,114.3200
11/06/2014,112.4100
10/06/2014,113.2500
09/06/2014,112.7100
06/06/2014,111.6300
05/06/2014,111.1000
04/06/2014,112.1000
03/06/2014,111.6500
02/06/2014,111.9500
30/05/2014,111.8600
27/05/2014,112.3500
26/05/2014,112.3400
23/05/2014,113.1600
22/05/2014,113.8900
21/05/2014,113.5000
20/05/2014,113.0800
19/05/2014,113.4200
16/05/2014,111.7300
15/05/2014,112.3800
14/05/2014,112.2100
13/05/2014,111.3000
12/05/2014,111.2000
09/05/2014,111.5700
05/05/2014,111.8100
02/05/2014,111.5400
30/04/2014,111.4000
29/04/2014,111.9000
28/04/2014,112.5400
25/04/2014,112.0600
24/04/2014,111.7000
23/04/2014,111.4700
22/04/2014,111.6200
17/04/2014,113.6300
16/04/2014,112.4100
15/04/2014,110.8900
14/04/2014,110.1600
11/04/2014,109.4100
10/04/2014,109.6800
09/04/2014,109.7200
08/04/2014,108.0100
07/04/2014,108.1800
04/04/2014,108.7400
03/04/2014,106.7000
02/04/2014,106.2100
01/04/2014,108.6200
31/03/2014,108.5300
28/03/2014,109.1000
27/03/2014,108.5500
26/03/2014,108.7000
25/03/2014,108.8100
24/03/2014,108.8800
21/03/2014,109.2600
20/03/2014,107.6600
19/03/2014,107.9900
18/03/2014,108.5700
17/03/2014,109.0000
14/03/2014,109.5100
13/03/2014,109.9400
12/03/2014,109.9200
11/03/2014,110.3800
10/03/2014,110.2600
07/03/2014,111.0200
06/03/2014,109.8800
05/03/2014,110.5800
04/03/2014,111.5200
03/03/2014,113.3500
28/02/2014,110.3800
27/02/2014,110.4600
26/02/2014,110.7600
25/02/2014,111.3900
24/02/2014,111.1100
21/02/2014,111.9100
20/02/2014,112.1000
19/02/2014,112.6300
18/02/2014,112.2000
17/02/2014,111.5600
14/02/2014,110.7200
13/02/2014,110.3200
12/02/2014,111.5900
11/02/2014,112.2100
10/02/2014,112.0800
07/02/2014,111.0100
06/02/2014,110.3100
05/02/2014,109.1700
04/02/2014,109.5100
03/02/2014,109.4000
31/01/2014,110.0200
30/01/2014,110.3100
29/01/2014,111.1500
28/01/2014,110.9600
27/01/2014,110.9600
24/01/2014,110.9600
23/01/2014,111.6900
22/01/2014,111.6500
21/01/2014,111.1800
20/01/2014,109.8600
17/01/2014,109.4500
16/01/2014,109.5100
15/01/2014,108.9600
13/01/2014,109.0700
10/01/2014,109.0600
09/01/2014,109.6900
08/01/2014,109.3900
07/01/2014,109.0000
06/01/2014,109.2100
03/01/2014,109.5300
02/01/2014,111.8000
31/12/2013,112.7500
30/12/2013,113.7900
27/12/2013,113.8600
24/12/2013,113.9400
23/12/2013,114.5600
20/12/2013,111.9900
19/12/2013,112.1600
18/12/2013,111.1900
17/12/2013,111.1300
13/12/2013,110.8500
12/12/2013,111.5100
11/12/2013,109.9100
10/12/2013,112.2300
09/12/2013,113.4400
06/12/2013,114.1400
05/12/2013,114.6700
04/12/2013,115.0800
03/12/2013,114.4700
02/12/2013,112.5500
29/11/2013,114.9400
28/11/2013,115.0900
27/11/2013,115.4300
26/11/2013,115.4100
25/11/2013,113.8000
22/11/2013,114.4900
21/11/2013,112.1100
20/11/2013,110.5000
19/11/2013,111.9100
18/11/2013,111.6200
15/11/2013,111.6100
14/11/2013,110.9300
13/11/2013,110.0200
12/11/2013,109.8500
11/11/2013,108.9000
08/11/2013,106.5000
07/11/2013,107.3300
06/11/2013,108.7900
05/11/2013,108.6600
04/11/2013,108.5300
01/11/2013,110.4200
31/10/2013,111.8200
30/10/2013,111.8800
29/10/2013,112.0700
28/10/2013,110.7100
25/10/2013,109.4800
24/10/2013,110.3100
23/10/2013,112.5600
22/10/2013,113.3900
21/10/2013,112.7800
18/10/2013,113.3600
17/10/2013,113.1300
14/10/2013,114.4200
11/10/2013,114.8300
10/10/2013,113.9500
09/10/2013,113.1000
08/10/2013,113.9100
07/10/2013,112.5400
04/10/2013,113.1700
03/10/2013,112.9100
02/10/2013,111.8000
26/09/2013,111.2000
24/09/2013,110.8600
23/09/2013,112.1100
20/09/2013,112.3100
19/09/2013,113.2300
18/09/2013,111.4200
17/09/2013,112.2500
16/09/2013,113.3200
13/09/2013,115.3900
12/09/2013,115.2900
11/09/2013,115.0800
10/09/2013,114.9900
09/09/2013,118.2600
04/09/2013,117.8400
30/08/2013,118.3000
29/08/2013,119.0900
28/08/2013,119.1700
27/08/2013,116.2300
26/08/2013,114.5200
23/08/2013,113.6200
22/08/2013,113.0800
21/08/2013,112.9400
20/08/2013,112.6500
19/08/2013,114.5500
16/08/2013,112.8100
15/08/2013,113.9200
14/08/2013,112.8000
13/08/2013,113.2000
12/08/2013,111.5000
07/08/2013,110.6500
06/08/2013,111.6400
05/08/2013,111.3200
02/08/2013,112.2400
01/08/2013,112.2100
31/07/2013,109.5600
30/07/2013,109.7600
29/07/2013,110.2300
26/07/2013,109.9900
25/07/2013,110.0600
24/07/2013,110.7200
23/07/2013,111.3600
22/07/2013,111.4300
19/07/2013,112.2800
18/07/2013,111.7800
17/07/2013,110.5700
16/07/2013,111.7000
15/07/2013,111.2300
12/07/2013,110.5400
11/07/2013,110.6400
10/07/2013,110.8100
09/07/2013,109.6900
08/07/2013,109.9800
05/07/2013,108.9200
04/07/2013,107.7200
03/07/2013,107.6100
02/07/2013,105.5100
01/07/2013,105.1400
28/06/2013,106.0100
25/06/2013,104.6700
24/06/2013,103.5300
21/06/2013,105.1100
20/06/2013,106.5000
19/06/2013,109.0000
18/06/2013,108.5700
17/06/2013,108.4200
14/06/2013,108.2300
13/06/2013,105.8700
11/06/2013,105.7200
10/06/2013,107.0900
07/06/2013,106.8800
06/06/2013,106.0300
04/06/2013,104.7300
03/06/2013,103.8100
31/05/2013,104.2100
30/05/2013,104.1600
28/05/2013,106.6600
27/05/2013,104.5400
24/05/2013,104.9100
23/05/2013,103.4900
22/05/2013,105.9100
21/05/2013,107.0600
20/05/2013,107.4500
17/05/2013,107.6800
16/05/2013,107.1100
15/05/2013,105.1900
14/05/2013,105.4300
13/05/2013,105.4800
10/05/2013,105.7800
09/05/2013,107.0100
08/05/2013,107.6000
03/05/2013,106.4000
02/05/2013,102.8900
30/04/2013,105.7700
29/04/2013,105.6100
26/04/2013,105.1200
25/04/2013,104.2600
24/04/2013,103.1500
23/04/2013,101.5700
22/04/2013,102.7400
19/04/2013,101.7000
18/04/2013,100.5000
11/04/2013,107.6100
10/04/2013,108.1500
09/04/2013,107.1200
08/04/2013,107.2500
05/04/2013,107.8800
04/04/2013,108.8500
03/04/2013,112.0200
02/04/2013,112.5600
28/03/2013,110.8600
27/03/2013,112.3400
26/03/2013,108.9700
25/03/2013,109.7100
22/03/2013,108.8400
21/03/2013,109.9700
20/03/2013,109.8300
19/03/2013,110.6100
18/03/2013,110.3900
15/03/2013,115.4800
14/03/2013,121.9900
13/03/2013,110.5800
12/03/2013,111.2800
11/03/2013,111.2800
08/03/2013,112.0200
07/03/2013,112.5100
06/03/2013,113.1400
05/03/2013,112.7500
04/03/2013,112.5000
01/03/2013,115.4800
28/02/2013,114.5000
27/02/2013,115.3100
26/02/2013,115.9900
25/02/2013,117.8000
22/02/2013,116.7100
21/02/2013,117.6800
20/02/2013,119.8100
19/02/2013,119.5500
18/02/2013,120.6000
15/02/2013,120.3800
14/02/2013,120.1300
13/02/2013,121.0200
12/02/2013,120.8500
11/02/2013,120.3500
08/02/2013,120.5400
05/02/2013,118.7900
04/02/2013,119.3200
01/02/2013,119.2100
31/01/2013,117.8400
30/01/2013,117.9700
29/01/2013,116.5600
28/01/2013,116.3100
25/01/2013,116.9800
23/01/2013,115.5200
22/01/2013,115.2600
21/01/2013,114.8200
18/01/2013,113.9200
17/01/2013,113.1000
16/01/2013,113.4900
15/01/2013,114.4800
14/01/2013,113.5900
11/01/2013,113.8700
10/01/2013,116.4600
09/01/2013,115.6700
08/01/2013,115.6100
07/01/2013,114.5900
04/01/2013,114.1100
03/01/2013,115.1900
02/01/2013,114.0500
28/12/2012,112.0800
27/12/2012,112.3900
24/12/2012,110.5200
20/12/2012,113.1900
19/12/2012,112.5600
18/12/2012,111.2900
17/12/2012,110.2900
14/12/2012,110.7900
12/12/2012,110.8500
11/12/2012,109.9600
10/12/2012,109.7100
07/12/2012,109.2300
06/12/2012,110.1400
05/12/2012,111.9400
04/12/2012,112.0500
03/12/2012,113.3100
30/11/2012,111.9500
29/11/2012,111.7000
28/11/2012,110.5100
27/11/2012,112.3300
26/11/2012,112.9000
23/11/2012,112.4300
22/11/2012,112.3400
21/11/2012,112.6400
20/11/2012,112.0900
19/11/2012,110.9400
16/11/2012,109.2400
15/11/2012,112.2500
14/11/2012,110.7700
13/11/2012,110.6900
12/11/2012,111.6200
09/11/2012,109.1200
08/11/2012,109.7900
07/11/2012,112.0400
06/11/2012,109.7800
05/11/2012,107.6000
02/11/2012,110.3000
01/11/2012,110.9900
31/10/2012,111.4300
30/10/2012,111.5100
29/10/2012,111.2300
24/10/2012,109.6600
23/10/2012,110.2500
22/10/2012,112.4000
19/10/2012,114.5000
18/10/2012,114.7100
17/10/2012,115.4800
16/10/2012,117.6400
15/10/2012,116.9000
12/10/2012,117.1400
11/10/2012,117.8700
10/10/2012,116.7800
09/10/2012,115.0100
08/10/2012,114.0600
05/10/2012,114.2500
04/10/2012,111.5900
03/10/2012,112.0700
02/10/2012,114.2500
28/09/2012,113.0700
27/09/2012,112.2500
26/09/2012,110.3900
25/09/2012,111.7800
24/09/2012,111.5200
21/09/2012,112.3900
20/09/2012,109.5600
19/09/2012,111.6000
18/09/2012,115.3700
17/09/2012,118.0800
14/09/2012,118.7000
13/09/2012,117.4300
12/09/2012,116.8700
10/09/2012,115.6900
04/09/2012,116.9200
03/09/2012,115.5200
31/08/2012,114.2100
28/08/2012,114.6400
27/08/2012,115.8600
17/08/2012,115.1700
16/08/2012,117.8100
15/08/2012,115.8200
14/08/2012,115.9700
13/08/2012,115.4500
10/08/2012,113.9200
09/08/2012,114.3100
08/08/2012,113.8800
07/08/2012,112.4600
06/08/2012,110.6800
03/08/2012,109.5800
02/08/2012,107.9500
01/08/2012,107.1600
31/07/2012,107.9700
30/07/2012,107.9500
27/07/2012,107.2700
25/07/2012,105.0800
24/07/2012,105.3400
23/07/2012,105.6500
20/07/2012,108.6600
19/07/2012,109.3200
18/07/2012,106.6400
17/07/2012,107.2200
16/07/2012,104.4400
13/07/2012,103.4700
12/07/2012,100.7700
11/07/2012,100.8800
10/07/2012,101.3400
09/07/2012,100.5400
06/07/2012,101.0500
05/07/2012,102.8900
04/07/2012,101.3500
03/07/2012,100.9600
02/07/2012,96.6200
29/06/2012,95.2000
28/06/2012,93.5300
27/06/2012,93.5500
26/06/2012,92.4400
25/06/2012,90.8300
22/06/2012,91.2100
21/06/2012,92.6100
20/06/2012,96.2400
19/06/2012,97.2900
18/06/2012,98.3300
15/06/2012,98.2100
14/06/2012,98.2200
13/06/2012,98.8600
12/06/2012,99.9500
11/06/2012,102.1500
08/06/2012,100.1400
07/06/2012,103.1300
06/06/2012,102.3900
05/06/2012,100.5700
04/06/2012,99.2900
01/06/2012,101.4900
31/05/2012,106.0100
30/05/2012,107.3800
28/05/2012,111.0300
25/05/2012,110.2300
24/05/2012,109.4600
23/05/2012,110.5200
22/05/2012,112.2500
21/05/2012,111.4400
18/05/2012,110.7200
17/05/2012,112.5300
16/05/2012,113.6900
15/05/2012,114.3300
14/05/2012,113.0500
11/05/2012,114.3100
10/05/2012,115.1900
09/05/2012,113.9400
08/05/2012,113.6400
07/05/2012,114.6900
04/05/2012,116.3600
03/05/2012,119.5200
02/05/2012,121.6500
30/04/2012,122.0700
27/04/2012,121.8800
25/04/2012,120.4400
24/04/2012,120.5100
23/04/2012,119.4000
20/04/2012,120.1200
19/04/2012,119.7800
18/04/2012,119.0800
17/04/2012,122.2600
16/04/2012,123.0700
13/04/2012,123.6200
12/04/2012,123.2600
11/04/2012,123.3100
10/04/2012,124.6500
05/04/2012,125.4600
04/04/2012,126.7600
03/04/2012,126.8000
02/04/2012,125.8600
30/03/2012,126.1200
29/03/2012,126.5900
28/03/2012,126.9100
27/03/2012,128.5500
26/03/2012,128.1700
23/03/2012,126.6600
22/03/2012,125.5600
21/03/2012,126.9700
20/03/2012,127.0800
19/03/2012,128.4400
16/03/2012,126.7100
15/03/2012,128.2500
14/03/2012,130.4300
13/03/2012,130.3700
12/03/2012,129.6000
09/03/2012,130.1300
08/03/2012,130.0400
07/03/2012,127.7600
06/03/2012,128.6000
05/03/2012,128.1400
02/03/2012,128.5400
01/03/2012,126.9800
29/02/2012,126.0400
28/02/2012,127.1000
27/02/2012,127.8200
24/02/2012,127.8400
23/02/2012,125.8700
22/02/2012,124.6900
21/02/2012,123.6200
20/02/2012,124.7900
17/02/2012,123.6300
16/02/2012,123.6700
15/02/2012,122.2800
14/02/2012,120.9500
13/02/2012,121.7100
10/02/2012,120.2500
09/02/2012,121.0900
08/02/2012,119.5600
07/02/2012,118.6800
03/02/2012,115.5000
02/02/2012,114.4600
01/02/2012,114.0000
27/01/2012,111.6700
26/01/2012,112.1200
25/01/2012,110.4200
24/01/2012,111.4700
23/01/2012,112.1900
20/01/2012,112.3000
19/01/2012,112.9600
18/01/2012,113.3100
17/01/2012,113.7700
16/01/2012,112.8000
13/01/2012,112.8500
12/01/2012,115.3000
11/01/2012,114.7000
10/01/2012,114.8400
09/01/2012,114.7500
06/01/2012,115.8100
05/01/2012,116.8100
23/12/2011,111.7700
22/12/2011,111.5300
21/12/2011,110.8600
20/12/2011,109.6800
19/12/2011,107.4600
16/12/2011,107.2800
15/12/2011,107.7200
14/12/2011,109.9300
13/12/2011,111.2300
12/12/2011,110.6100
09/12/2011,112.9400
08/12/2011,112.6800
07/12/2011,113.6800
06/12/2011,113.1600
05/12/2011,114.0500
02/12/2011,113.0100
01/12/2011,113.5700
30/11/2011,115.1700
29/11/2011,114.4800
28/11/2011,112.1600
25/11/2011,110.2700
24/11/2011,111.0200
23/11/2011,111.1400
22/11/2011,111.0400
21/11/2011,110.8400
18/11/2011,112.4500
17/11/2011,113.7300
16/11/2011,115.6300
15/11/2011,116.0600
14/11/2011,117.3800
10/11/2011,116.7700
09/11/2011,115.9000
04/11/2011,115.2600
03/11/2011,113.6200
02/11/2011,114.0600
01/11/2011,110.7100
31/10/2011,112.7200
28/10/2011,115.0400
27/10/2011,115.7000
26/10/2011,115.2400
25/10/2011,115.4300
24/10/2011,114.8900
21/10/2011,114.7600
20/10/2011,113.1800
19/10/2011,115.4400
18/10/2011,115.1900
17/10/2011,116.2000
14/10/2011,118.9100
13/10/2011,116.1500
12/10/2011,116.0200
11/10/2011,112.5000
10/10/2011,111.6800
07/10/2011,107.6200
06/10/2011,106.7200
05/10/2011,106.7200
04/10/2011,105.4400
30/09/2011,107.9300
29/09/2011,109.6700
28/09/2011,111.7100
27/09/2011,111.9200
26/09/2011,110.6400
23/09/2011,114.6100
22/09/2011,113.1900
21/09/2011,114.8800
20/09/2011,116.2200
19/09/2011,117.8200
16/09/2011,119.9600
15/09/2011,118.8100
14/09/2011,116.1900
13/09/2011,116.8000
12/09/2011,115.9000
09/09/2011,117.4500
08/09/2011,119.7700
07/09/2011,118.6500
06/09/2011,115.4400
02/09/2011,118.1200
01/09/2011,118.5300
29/08/2011,115.0500
26/08/2011,113.6000
25/08/2011,113.8300
24/08/2011,112.8700
23/08/2011,111.6600
22/08/2011,109.9300
19/08/2011,109.8000
18/08/2011,111.4300
17/08/2011,113.1600
16/08/2011,110.8200
15/08/2011,110.6500
12/08/2011,109.9900
11/08/2011,108.0200
10/08/2011,106.6400
09/08/2011,104.8600
08/08/2011,107.5200
05/08/2011,109.6900
04/08/2011,113.9700
02/08/2011,118.2500
29/07/2011,120.4200
28/07/2011,120.6100
27/07/2011,120.3500
26/07/2011,121.0500
25/07/2011,120.7100
22/07/2011,121.0400
21/07/2011,120.9800
20/07/2011,121.6400
19/07/2011,120.9900
18/07/2011,119.9900
15/07/2011,119.7800
14/07/2011,120.9700
13/07/2011,120.7600
12/07/2011,119.2400
11/07/2011,119.7100
06/07/2011,115.5100
05/07/2011,115.2500
04/07/2011,114.1500
01/07/2011,112.9000
30/06/2011,114.0600
29/06/2011,113.2700
28/06/2011,109.3700
27/06/2011,107.0600
24/06/2011,109.9000
23/06/2011,113.8800
22/06/2011,114.9200
21/06/2011,115.4700
20/06/2011,115.6400
17/06/2011,117.8800
16/06/2011,117.6700
15/06/2011,121.9500
14/06/2011,123.2700
13/06/2011,122.9400
10/06/2011,123.1000
09/06/2011,121.8500
27/05/2011,112.2500
24/05/2011,116.2800
23/05/2011,113.8100
20/05/2011,116.1100
19/05/2011,116.7700
18/05/2011,115.7800
17/05/2011,115.9100
16/05/2011,117.2500
13/05/2011,118.3400
12/05/2011,116.4300
11/05/2011,120.7200
10/05/2011,119.9100
09/05/2011,116.4100
06/05/2011,114.5300
04/05/2011,126.1800
03/05/2011,128.1400
29/04/2011,129.0300
28/04/2011,128.3000
27/04/2011,126.8200
21/04/2011,126.5800
20/04/2011,125.1500
19/04/2011,122.3000
18/04/2011,124.8500
14/04/2011,124.5300
13/04/2011,124.6600
12/04/2011,126.1900
11/04/2011,128.3200
08/04/2011,127.0600
07/04/2011,124.8500
06/04/2011,125.3000
05/04/2011,122.6000
04/04/2011,121.6200
01/04/2011,119.5400
31/03/2011,118.7500
30/03/2011,116.8800
29/03/2011,116.3900
28/03/2011,116.7900
25/03/2011,116.8800
24/03/2011,117.0600
23/03/2011,117.2000
22/03/2011,116.1800
21/03/2011,117.2500
18/03/2011,116.9100
17/03/2011,115.1800
16/03/2011,112.4000
15/03/2011,112.5900
14/03/2011,114.4400
11/03/2011,115.4600
10/03/2011,116.1500
09/03/2011,114.8000
08/03/2011,115.8600
07/03/2011,119.0700
04/03/2011,117.2300
03/03/2011,116.8400
02/03/2011,116.5500
01/03/2011,113.9500
28/02/2011,113.9600
25/02/2011,114.0200
24/02/2011,117.2400
23/02/2011,109.2500
22/02/2011,108.0900
21/02/2011,105.6500
18/02/2011,103.8700
17/02/2011,105.1400
16/02/2011,103.6300
14/02/2011,102.5200
10/02/2011,103.0100
09/02/2011,101.7100
08/02/2011,100.2500
07/02/2011,101.3800
04/02/2011,103.0200
03/02/2011,103.6300
02/02/2011,102.7500
01/02/2011,101.3300
31/01/2011,99.3500
28/01/2011,98.4500
27/01/2011,98.9600
25/01/2011,96.3500
24/01/2011,99.0400
21/01/2011,98.6900
20/01/2011,99.1300
19/01/2011,99.6700
18/01/2011,99.1000
17/01/2011,99.6400
14/01/2011,99.8200
13/01/2011,99.1600
12/01/2011,98.9700
11/01/2011,97.2000
10/01/2011,96.1100
07/01/2011,95.8400
06/01/2011,97.3000
05/01/2011,94.7400
04/01/2011,96.3000
03/01/2011,97.1000
31/12/2010,94.0100
30/12/2010,95.2300
29/12/2010,94.8900
24/12/2010,95.0900
23/12/2010,95.0400
20/12/2010,92.9000
17/12/2010,92.7400
16/12/2010,91.9600
15/12/2010,91.7500
14/12/2010,91.9900
13/12/2010,92.5800
10/12/2010,92.0500
09/12/2010,92.0300
08/12/2010,92.1400
07/12/2010,93.2500
06/12/2010,92.8300
03/12/2010,91.9900
02/12/2010,90.4700
01/12/2010,88.1700
30/11/2010,87.6500
29/11/2010,87.4000
26/11/2010,86.2700
25/11/2010,87.2300
24/11/2010,85.9700
23/11/2010,83.8900
22/11/2010,83.8400
19/11/2010,84.6000
18/11/2010,85.2400
15/11/2010,85.1700
12/11/2010,87.9900
11/11/2010,90.1600
10/11/2010,89.1800
09/11/2010,89.3700
08/11/2010,88.6100
05/11/2010,88.5500
04/11/2010,88.5300
03/11/2010,86.6300
02/11/2010,85.9900
01/11/2010,85.5300
29/10/2010,84.1700
28/10/2010,84.3100
27/10/2010,83.5700
26/10/2010,84.0300
25/10/2010,83.5200
22/10/2010,82.7100
21/10/2010,83.5400
20/10/2010,82.8200
19/10/2010,83.5100
18/10/2010,83.2100
15/10/2010,84.4100
14/10/2010,85.9300
13/10/2010,85.7300
12/10/2010,84.7800
11/10/2010,85.1400
08/10/2010,84.1900
07/10/2010,86.4100
06/10/2010,85.9700
05/10/2010,84.9200
04/10/2010,84.9400
30/09/2010,82.1700
29/09/2010,80.2000
28/09/2010,79.4200
27/09/2010,80.0800
24/09/2010,80.0800
23/09/2010,78.6500
22/09/2010,79.9000
21/09/2010,81.0900
20/09/2010,80.4200
17/09/2010,79.2700
16/09/2010,80.7300
15/09/2010,80.3000
14/09/2010,80.7300
13/09/2010,80.3600
10/09/2010,79.3800
09/09/2010,79.7100
08/09/2010,79.3600
07/09/2010,77.6200
06/09/2010,78.1000
03/09/2010,77.8000
02/09/2010,77.0800
01/09/2010,77.5200
31/08/2010,77.7700
30/08/2010,77.5700
27/08/2010,76.4300
26/08/2010,75.7300
25/08/2010,72.2200
24/08/2010,73.9700
23/08/2010,75.6700
20/08/2010,75.7700
19/08/2010,77.3100
18/08/2010,77.0500
17/08/2010,77.9400
16/08/2010,77.2200
13/08/2010,77.4700
12/08/2010,78.2700
11/08/2010,80.7000
10/08/2010,81.5100
09/08/2010,83.2500
06/08/2010,83.0800
05/08/2010,83.3600
04/08/2010,85.0900
03/08/2010,84.3200
02/08/2010,82.0900
30/07/2010,79.5600
29/07/2010,78.8700
28/07/2010,78.1500
27/07/2010,78.9900
26/07/2010,78.7700
23/07/2010,78.8200
22/07/2010,77.7800
21/07/2010,78.2000
20/07/2010,77.1800
19/07/2010,77.2200
16/07/2010,77.5400
15/07/2010,77.8000
14/07/2010,77.8200
13/07/2010,76.9700
12/07/2010,75.7500
08/07/2010,76.0400
07/07/2010,73.6700
06/07/2010,74.4700
05/07/2010,73.4600
10/06/2010,75.2600
26/05/2010,71.6700
25/05/2010,68.2300
22/04/2010,85.9400
21/04/2010,86.1900
20/04/2010,85.6400
19/04/2010,84.2100
16/04/2010,86.7100
15/04/2010,87.4400
14/04/2010,86.0800
13/04/2010,85.0600
12/04/2010,84.8100
09/04/2010,85.0300
08/04/2010,84.9300
07/04/2010,86.0700
06/04/2010,86.0400
01/04/2010,83.6500
31/03/2010,81.1600
30/03/2010,81.1000
29/03/2010,80.2600
26/03/2010,80.6500
25/03/2010,79.8600
24/03/2010,79.5300
23/03/2010,80.3200
22/03/2010,79.0700
19/03/2010,81.1600
18/03/2010,81.8200
17/03/2010,81.8700
16/03/2010,79.7700
15/03/2010,79.5400
12/03/2010,81.3800
11/03/2010,81.2100
10/03/2010,80.8200
09/03/2010,80.0100
08/03/2010,80.9600
05/03/2010,80.0000
04/03/2010,79.5700
03/03/2010,79.1600
02/03/2010,77.9900
01/03/2010,77.4200
25/02/2010,77.6800
24/02/2010,77.3600
23/02/2010,78.2200
22/02/2010,78.7600
19/02/2010,77.6200
18/02/2010,76.5100
17/02/2010,76.7600
16/02/2010,74.5300
15/02/2010,73.9300
12/02/2010,73.4600
11/02/2010,74.2600
10/02/2010,72.8300
09/02/2010,72.0000
08/02/2010,70.8400
05/02/2010,70.7700
04/02/2010,73.6500
03/02/2010,77.2000
02/02/2010,74.3700
01/02/2010,72.4100
29/01/2010,72.4100
28/01/2010,72.7400
27/01/2010,73.6400
26/01/2010,73.4500
25/01/2010,73.3300
22/01/2010,74.2400
21/01/2010,76.2800
20/01/2010,76.6800
19/01/2010,76.3200
18/01/2010,77.5300
15/01/2010,78.2100
14/01/2010,79.2200
13/01/2010,79.6000
12/01/2010,80.8200
11/01/2010,82.4300
08/01/2010,81.3800
07/01/2010,82.4500
06/01/2010,80.7000
05/01/2010,80.9700
04/01/2010,80.0700
31/12/2009,79.4300
30/12/2009,79.0400
29/12/2009,78.1500
28/12/2009,77.5000
23/12/2009,74.3300
22/12/2009,72.9200
17/12/2009,73.2700
16/12/2009,73.6100
15/12/2009,72.4500
11/12/2009,72.6200
10/12/2009,73.1800
09/12/2009,76.2100
08/12/2009,76.8500
07/12/2009,77.8400
04/12/2009,79.3000
30/11/2009,77.7200
25/11/2009,77.0400
23/11/2009,79.0000
20/11/2009,77.4500
13/11/2009,76.7100
11/11/2009,78.5400
06/11/2009,78.6500
04/11/2009,78.9300
23/10/2009,80.4900
